smiles,sa_score,logp,qed,heavy_atom_count,molecular_weight,h_bond_donors,h_bond_acceptors,lipinski_violations,pass_lipinski,ring_3_count,ring_3_prob,ring_4_count,ring_4_prob,ring_5_count,ring_5_prob,ring_6_count,ring_6_prob,ring_7_count,ring_7_prob,ring_8_count,ring_8_prob,ring_9_count,ring_9_prob,ring_10_count,ring_10_prob,ring_11_count,ring_11_prob,total_rings
Cc1[nH]c2ccccc2c1-c1ccc2oc(=O)cc(C)c2c1,2.173294786,4.55814,0.522114818,22,289.1102787,1,2,0,TRUE,0,0,0,0,1,0.25,3,0.75,0,0,0,0,0,0,0,0,0,0,4
[C-]#[N+]c1cc(N)c(C2=C(C)C(=O)CCC2)c(=O)c2ccccc12,3.035183523,3.85949,0.81358956,23,304.1211778,1,3,0,TRUE,0,0,0,0,0,0,2,0.666666667,1,0.333333333,0,0,0,0,0,0,0,0,3
C=CC1(C)C(=O)CC(=O)c2cc(-c3ccc(N)cc3)ccc21,3.204618357,3.535,0.522828274,22,291.1259288,1,3,0,TRUE,0,0,0,0,0,0,3,1,0,0,0,0,0,0,0,0,0,0,3
Nc1ccc(-c2ccc3c(c2)C(=O)C(C2CCC2)=NC3=O)cc1,2.505525335,3.5134,0.8628059,23,304.1211778,1,3,0,TRUE,0,0,1,0.25,0,0,3,0.75,0,0,0,0,0,0,0,0,0,0,4
Cc1nc2ccc3cc(-c4ccc(C)o4)ccc3c(=O)c2[nH]1,2.506435445,3.95314,0.577099963,22,290.1055277,1,3,0,TRUE,0,0,0,0,2,0.5,1,0.25,1,0.25,0,0,0,0,0,0,0,0,4
CCC1CCc2ccc(C#N)cc2-c2cc(C(N)=O)ccc21,2.849803599,3.76398,0.914552821,22,290.1419132,1,2,0,TRUE,0,0,0,0,0,0,2,0.666666667,1,0.333333333,0,0,0,0,0,0,0,0,3
Cc1ccc2c(c1)-c1ccccc1C2(O[N+](=O)[O-])C(C)(C)C,3.215550274,4.47342,0.606593484,22,297.1364935,0,3,0,TRUE,0,0,0,0,1,0.333333333,2,0.666666667,0,0,0,0,0,0,0,0,0,0,3
Cc1cc(C)c2cc(-c3ccc4c(c3)C(=O)NC4=O)ccc2n1,2.18805859,3.40224,0.700834252,23,302.1055277,1,3,0,TRUE,0,0,0,0,1,0.25,3,0.75,0,0,0,0,0,0,0,0,0,0,4
CC1=CCc2cc(-c3ccc(N)cc3)ccc2C(=O)CC1=O,2.461348419,3.5801,0.645030667,22,291.1259288,1,3,0,TRUE,0,0,0,0,0,0,2,0.666666667,0,0,1,0.333333333,0,0,0,0,0,0,3
N#CC(C(=O)C1CC1)=C1c2ccccc2-c2ccc(N)cc21,2.595091099,3.55378,0.444790992,22,286.1106131,1,3,0,TRUE,1,0.25,0,0,1,0.25,2,0.5,0,0,0,0,0,0,0,0,0,0,4
Cc1ccc2oc3cc(-c4cc[nH]c4C)ccc3c(=O)c2c1,2.404415665,4.55814,0.522114818,22,289.1102787,1,2,0,TRUE,0,0,0,0,1,0.25,3,0.75,0,0,0,0,0,0,0,0,0,0,4
CC1(C)CC(=O)c2c(cccc2-c2ccc(N)cc2)C1=O,2.359610464,3.7311,0.808996475,21,279.1259288,1,3,0,TRUE,0,0,0,0,0,0,3,1,0,0,0,0,0,0,0,0,0,0,3
Cc1occc1-c1ccc2c(c1)C(N)Cc1ccccc1C2=O,2.941354033,4.04192,0.737783125,23,303.1259288,1,3,0,TRUE,0,0,0,0,1,0.25,2,0.5,1,0.25,0,0,0,0,0,0,0,0,4
CC(C)(C)c1c(C#N)c2ccccc2c(=O)c2ccc(N)cc12,2.485766147,4.10458,0.635537498,23,302.1419132,1,3,0,TRUE,0,0,0,0,0,0,2,0.666666667,1,0.333333333,0,0,0,0,0,0,0,0,3
CC1(C)CC(=O)Nc2ccc(-c3cccc(C#N)c3)cc2C1=O,2.454309244,3.77638,0.871325968,23,304.1211778,1,3,0,TRUE,0,0,0,0,0,0,2,0.666666667,1,0.333333333,0,0,0,0,0,0,0,0,3
Cc1ccc2ncc(-c3cc(=O)c4oc(C)cc4[nH]3)cc2c1,2.688901379,3.95314,0.577099963,22,290.1055277,1,3,0,TRUE,0,0,0,0,1,0.25,3,0.75,0,0,0,0,0,0,0,0,0,0,4
C=Cc1ncc(C(N)=O)c(=O)c2cc(-c3ccccc3)ccc12,2.366631371,3.0039,0.807957196,23,302.1055277,1,3,0,TRUE,0,0,0,0,0,0,2,0.666666667,1,0.333333333,0,0,0,0,0,0,0,0,3
CC1(C(=O)Nc2ccoc2)c2ccccc2-c2cc(C#N)ccc21,3.286495072,4.07638,0.774886401,24,314.1055277,1,3,0,TRUE,0,0,0,0,2,0.5,2,0.5,0,0,0,0,0,0,0,0,0,0,4
CC(=O)c1cc(-c2cccc(C(N)=O)c2)c2ccccc2c1,1.844906484,3.8083,0.745253908,22,289.1102787,1,2,0,TRUE,0,0,0,0,0,0,3,1,0,0,0,0,0,0,0,0,0,0,3
N#Cc1cc2ccccc2c(-c2cccc(NC(=O)C3CC3)c2)n1,2.172632804,4.12198,0.790606446,24,313.1215121,1,3,0,TRUE,1,0.25,0,0,0,0,3,0.75,0,0,0,0,0,0,0,0,0,0,4
Cc1ccc2c(c1)C(N)C/C(=C\c1ccc(C#N)cc1)C2=O,2.976268115,3.5365,0.816102326,22,288.1262631,1,3,0,TRUE,0,0,0,0,0,0,3,1,0,0,0,0,0,0,0,0,0,0,3
CC(C)(C)c1ccc2occ(-c3ccc(C(N)=O)cc3)c2n1,2.338091327,3.8912,0.779146156,22,294.1368278,1,3,0,TRUE,0,0,0,0,1,0.333333333,2,0.666666667,0,0,0,0,0,0,0,0,0,0,3
NC(=O)c1ccc2c(-c3ccco3)nc3ccccc3c2c1,2.070850521,3.7469,0.571054279,22,288.0898776,1,3,0,TRUE,0,0,0,0,1,0.25,3,0.75,0,0,0,0,0,0,0,0,0,0,4
CC(=O)c1cc(-c2ccc(C(N)=O)cc2)c2ccccc2c1,1.784119635,3.8083,0.745253908,22,289.1102787,1,2,0,TRUE,0,0,0,0,0,0,3,1,0,0,0,0,0,0,0,0,0,0,3
N#CC1=C(C2CC2)c2ccc(-c3ccc(N)cc3)cc2C1=O,2.509227079,3.81928,0.853294094,22,286.1106131,1,3,0,TRUE,1,0.25,0,0,1,0.25,2,0.5,0,0,0,0,0,0,0,0,0,0,4
CC1(C)CC(=O)c2ccc(-c3ccc(N)cc3)cc2C1C#N,3.036718988,4.15558,0.80194926,22,290.1419132,1,3,0,TRUE,0,0,0,0,0,0,3,1,0,0,0,0,0,0,0,0,0,0,3
CC1(C)CC(=O)c2cc(-c3cccc(N)c3)ccc2C1=O,2.323507811,3.7311,0.808996475,21,279.1259288,1,3,0,TRUE,0,0,0,0,0,0,3,1,0,0,0,0,0,0,0,0,0,0,3
Cc1cccc2c1-c1ccc([N+](=O)[O-])cc1C(C1CC1)=NN2,2.737159337,4.10982,0.668926109,22,293.1164267,1,4,0,TRUE,1,0.25,0,0,0,0,2,0.5,1,0.25,0,0,0,0,0,0,0,0,4
CC1c2ccc(-c3ccoc3)cc2-c2ccc(C(N)=O)cc21,2.879769285,4.1777,0.769119838,22,289.1102787,1,2,0,TRUE,0,0,0,0,2,0.5,2,0.5,0,0,0,0,0,0,0,0,0,0,4
CC(=O)Nc1ccc(-c2cc(C#N)cc3ccccc3c2=O)cc1,2.02029389,3.69708,0.78382768,24,314.1055277,1,3,0,TRUE,0,0,0,0,0,0,2,0.666666667,1,0.333333333,0,0,0,0,0,0,0,0,3
CC(C)c1ccc2c(=O)[nH]c3ccc(Cl)cc3c(=O)c2c1,2.101828501,3.8183,0.742413868,21,299.0713064,1,2,0,TRUE,0,0,0,0,0,0,2,0.666666667,1,0.333333333,0,0,0,0,0,0,0,0,3
Cc1cc(=O)oc2cc(-c3cc4ccccc4nc3N)ccc12,2.170673339,3.89882,0.541378455,23,302.1055277,1,4,0,TRUE,0,0,0,0,0,0,4,1,0,0,0,0,0,0,0,0,0,0,4
CC1(C)CC(=O)c2cc(-c3ccc(N)cc3)ccc2C1=O,2.273043355,3.7311,0.808996475,21,279.1259288,1,3,0,TRUE,0,0,0,0,0,0,3,1,0,0,0,0,0,0,0,0,0,0,3
C#CC1(C)CC(=O)Nc2cccc(-c3ccc([N+](=O)[O-])cc3)c21,3.233395969,3.4949,0.524153839,23,306.1004423,1,3,0,TRUE,0,0,0,0,0,0,3,1,0,0,0,0,0,0,0,0,0,0,3
Cc1cc(-c2ccc(C#N)o2)cc2c1C(N)Cc1ccccc1-2,3.224203683,4.3496,0.726373197,23,300.1262631,1,3,0,TRUE,0,0,0,0,1,0.25,3,0.75,0,0,0,0,0,0,0,0,0,0,4
Cc1c(C#N)c(N)nc2cc(CC3CCCCC3)ccc12,2.335571313,4.1199,0.898995904,21,279.1735477,1,3,0,TRUE,0,0,0,0,0,0,3,1,0,0,0,0,0,0,0,0,0,0,3
CC[C@H]1CC[C@@]2(C)[C@@H]3[C@H]1CCc1ccc([N+](=O)[O-])cc1[C@H]32,4.047548742,4.6969,0.583758678,21,285.172879,0,2,0,TRUE,1,0.25,0,0,0,0,2,0.5,1,0.25,0,0,0,0,0,0,0,0,4
CC1(C)C=Cc2cc(-c3cccc(C#N)c3)ccc2N1C#N,2.911929064,4.31816,0.733161855,22,285.1265975,0,3,0,TRUE,0,0,0,0,0,0,3,1,0,0,0,0,0,0,0,0,0,0,3
N#Cc1cc(-c2ccc(C3CCCC(=O)C3)cc2)ccc1N,2.735083571,4.03418,0.848868094,22,290.1419132,1,3,0,TRUE,0,0,0,0,0,0,3,1,0,0,0,0,0,0,0,0,0,0,3
Cc1cc2c(o1)C(=O)c1cccc(-c3ccc(N)cc3)c1C2,2.555582698,3.97242,0.539310137,22,289.1102787,1,3,0,TRUE,0,0,0,0,1,0.25,3,0.75,0,0,0,0,0,0,0,0,0,0,4
Cc1cc(C)c(-c2ccc3c(=O)[nH]c4cccnc4c3c2)o1,2.536573907,3.95314,0.53985414,22,290.1055277,1,3,0,TRUE,0,0,0,0,1,0.25,3,0.75,0,0,0,0,0,0,0,0,0,0,4
Cc1nc2cccc(-c3cc(C(N)=O)c4ccccc4c3)c2o1,2.245918794,4.05532,0.606894969,23,302.1055277,1,3,0,TRUE,0,0,0,0,1,0.25,3,0.75,0,0,0,0,0,0,0,0,0,0,4
Cc1ccc2c(c1)C(=O)C(C#N)=C2Cc1c[nH]c2cccnc12,2.86302299,3.5875,0.785843693,23,299.105862,1,3,0,TRUE,0,0,0,0,2,0.5,2,0.5,0,0,0,0,0,0,0,0,0,0,4
NC(=O)c1cccc(-c2c(C3CC3)oc3ccccc23)c1,2.191400544,4.0761,0.783955553,21,277.1102787,1,2,0,TRUE,1,0.25,0,0,1,0.25,2,0.5,0,0,0,0,0,0,0,0,0,0,4
Cc1cc(-c2ccc(C(=O)O)cc2)c(=O)c2ccccc2c1,1.815563804,3.87362,0.779051353,22,290.0942943,1,2,0,TRUE,0,0,0,0,0,0,2,0.666666667,1,0.333333333,0,0,0,0,0,0,0,0,3
Cc1cc(-c2ccc(C(N)=O)cc2)c2c(n1)oc1ccccc12,2.179285228,4.05532,0.606894969,23,302.1055277,1,3,0,TRUE,0,0,0,0,1,0.25,3,0.75,0,0,0,0,0,0,0,0,0,0,4
Cc1c(C#N)cc2cccc(-c3ccccc3)c2c1C(N)=O,2.251197303,3.7858,0.778500171,22,286.1106131,1,2,0,TRUE,0,0,0,0,0,0,3,1,0,0,0,0,0,0,0,0,0,0,3
Cc1oncc1C(=O)N[C@@H]1CCc2cc3ccccc3cc21,2.786658159,3.55352,0.785494296,22,292.1211778,1,3,0,TRUE,0,0,0,0,2,0.5,2,0.5,0,0,0,0,0,0,0,0,0,0,4
O=c1c2ccccc2c(O)c(/C=C/[N+](=O)[O-])c2ccccc12,2.450112935,3.3062,0.580332474,22,293.0688078,1,4,0,TRUE,0,0,0,0,0,0,2,0.666666667,1,0.333333333,0,0,0,0,0,0,0,0,3
CC1(C)CC(N)c2cc(-c3ccc(C#N)cc3)ccc2C1=O,2.946176491,3.83768,0.867350362,22,290.1419132,1,3,0,TRUE,0,0,0,0,0,0,3,1,0,0,0,0,0,0,0,0,0,0,3
NC(=O)c1cccc(-c2cccc3c(C4CC4)coc23)c1,2.255385928,4.0761,0.783955553,21,277.1102787,1,2,0,TRUE,1,0.25,0,0,1,0.25,2,0.5,0,0,0,0,0,0,0,0,0,0,4
CC1(C(N)=O)CC(=O)c2ccc(-c3ccc(F)c(C#N)c3)cc21,3.139688998,2.69378,0.92536991,23,308.0961059,1,3,0,TRUE,0,0,0,0,1,0.333333333,2,0.666666667,0,0,0,0,0,0,0,0,0,0,3
CC(=O)c1cc(-c2ccc(N)c(C#N)c2)c2ccccc2c1,2.141872985,4.16328,0.567776829,22,286.1106131,1,3,0,TRUE,0,0,0,0,0,0,3,1,0,0,0,0,0,0,0,0,0,0,3
Cc1c(N)c(C#N)c2ccccc2c1-c1cc(F)cc(C#N)c1,2.618016215,4.27988,0.681632097,23,301.1015256,1,3,0,TRUE,0,0,0,0,0,0,3,1,0,0,0,0,0,0,0,0,0,0,3
Cc1ccc2c(c1)C(c1cc([N+](=O)[O-])[nH]n1)c1ccccc1-2,3.22976489,3.78692,0.45092166,22,291.1007767,1,3,0,TRUE,0,0,0,0,2,0.5,2,0.5,0,0,0,0,0,0,0,0,0,0,4
C=CCCC1c2cc(C#N)ccc2NC(=O)c2ccccc21,2.979782472,4.22208,0.859533309,22,288.1262631,1,2,0,TRUE,0,0,0,0,0,0,2,0.666666667,1,0.333333333,0,0,0,0,0,0,0,0,3
CC1(C)CC(=O)c2cc(-c3cc(N)cc(C#N)c3)ccc2C1,2.514679725,3.96258,0.80818296,22,290.1419132,1,3,0,TRUE,0,0,0,0,0,0,3,1,0,0,0,0,0,0,0,0,0,0,3
Cc1ccc(-c2cc(-c3c[nH]c4ccccc34)cc[n+]2[O-])o1,2.676277924,4.03672,0.447270202,22,290.1055277,1,2,0,TRUE,0,0,0,0,2,0.5,2,0.5,0,0,0,0,0,0,0,0,0,0,4
Cc1[nH]c(=O)c(-c2c(F)ccc3ccccc23)cc1[N+](=O)[O-],2.386437102,3.55082,0.580330775,22,298.0753704,1,3,0,TRUE,0,0,0,0,0,0,3,1,0,0,0,0,0,0,0,0,0,0,3
O=C(Nc1ccc2c(c1)c([N+](=O)[O-])cc1ccccc12)C1CC1,2.022283915,4.2497,0.446442284,23,306.1004423,1,3,0,TRUE,1,0.25,0,0,0,0,3,0.75,0,0,0,0,0,0,0,0,0,0,4
CC(=O)c1cnc2ccccc2c1-c1cccc(C(N)=O)c1,2.000555119,3.2033,0.752694352,22,290.1055277,1,3,0,TRUE,0,0,0,0,0,0,3,1,0,0,0,0,0,0,0,0,0,0,3
C=C(C)OC(=O)n1c(=O)c2cc(N)ccc2c2ccccc21,2.576705955,3.2552,0.424491814,22,294.1004423,1,5,0,TRUE,0,0,0,0,0,0,3,1,0,0,0,0,0,0,0,0,0,0,3
CC1(C)CCC(=O)c2cc(-c3ccc(N)c(C#N)c3)ccc21,2.516661314,4.06158,0.805196646,22,290.1419132,1,3,0,TRUE,0,0,0,0,0,0,3,1,0,0,0,0,0,0,0,0,0,0,3
C=Cc1cc(-c2cccc(OC(N)=O)c2)c2ccccc2n1,2.332738742,4.0023,0.792432234,22,290.1055277,1,3,0,TRUE,0,0,0,0,0,0,3,1,0,0,0,0,0,0,0,0,0,0,3
Cc1cccc(N2C(=O)c3ccc4ccc(N)cc4c3C2=O)c1,2.121475631,3.53102,0.552242573,23,302.1055277,1,3,0,TRUE,0,0,0,0,1,0.25,3,0.75,0,0,0,0,0,0,0,0,0,0,4
CCCc1cc2[nH]c(=O)c3ccc4ccc(C#N)cc4c3c2o1,2.736284528,4.25168,0.562604639,23,302.1055277,1,3,0,TRUE,0,0,0,0,1,0.25,3,0.75,0,0,0,0,0,0,0,0,0,0,4
Cc1oc2ccccc2c1-c1ccc(Cl)c(C(N)=O)c1,2.01652074,4.16052,0.768387604,20,285.0556563,1,2,0,TRUE,0,0,0,0,1,0.333333333,2,0.666666667,0,0,0,0,0,0,0,0,0,0,3
Cc1nc(Cl)c(C(N)=O)cc1-c1ccc2ccccc2c1,2.075515589,3.96252,0.727668091,21,296.0716407,1,2,0,TRUE,0,0,0,0,0,0,3,1,0,0,0,0,0,0,0,0,0,0,3
CC1(C)CC(=O)c2cc(-c3ccc(C#N)cc3N)ccc2C1,2.458366737,3.96258,0.80818296,22,290.1419132,1,3,0,TRUE,0,0,0,0,0,0,3,1,0,0,0,0,0,0,0,0,0,0,3
Cc1oc2ccccc2c1-c1cc(Cl)cc(C(N)=O)c1,2.110076235,4.16052,0.768387604,20,285.0556563,1,2,0,TRUE,0,0,0,0,1,0.333333333,2,0.666666667,0,0,0,0,0,0,0,0,0,0,3
CC1(C2CCCCC2)NC(=O)Cc2cc([N+](=O)[O-])ccc21,3.144907317,3.0626,0.671165724,21,288.1473925,1,3,0,TRUE,0,0,0,0,0,0,3,1,0,0,0,0,0,0,0,0,0,0,3
O=C(Oc1ccc2[nH]nc(C3CC3)c2c1)c1ccccc1,2.158618904,3.6595,0.587302016,21,278.1055277,1,3,0,TRUE,1,0.25,0,0,1,0.25,2,0.5,0,0,0,0,0,0,0,0,0,0,4
O=Cc1cc(-c2ccc(F)c([N+](=O)[O-])c2)cc2ccccc12,2.144613183,4.3666,0.409374108,22,295.0644714,0,3,0,TRUE,0,0,0,0,0,0,3,1,0,0,0,0,0,0,0,0,0,0,3
N#CC1=C(C2CC2)c2cccc(-c3ccc(N)cc3)c2C1=O,2.557478692,3.81928,0.853294094,22,286.1106131,1,3,0,TRUE,1,0.25,0,0,1,0.25,2,0.5,0,0,0,0,0,0,0,0,0,0,4
Cc1ccc2c(C)c(-c3ccccc3)n(C(N)=O)c(=O)c2c1,2.266956144,3.21214,0.748111462,22,292.1211778,1,3,0,TRUE,0,0,0,0,0,0,3,1,0,0,0,0,0,0,0,0,0,0,3
CC1(C)CC(=O)c2ccc(-c3ccc(N)cc3)cc2C1=O,2.301022135,3.7311,0.808996475,21,279.1259288,1,3,0,TRUE,0,0,0,0,0,0,3,1,0,0,0,0,0,0,0,0,0,0,3
Cc1nn(C(=O)c2ccc(N)cc2)c2cc(Cl)ccc12,2.140621839,3.26882,0.698118305,20,285.0668897,1,4,0,TRUE,0,0,0,0,1,0.333333333,2,0.666666667,0,0,0,0,0,0,0,0,0,0,3
N#Cc1cc(-c2cc(C(F)F)nc3ccccc23)ccc1N,2.388564548,4.29328,0.717105439,22,295.0921038,1,3,0,TRUE,0,0,0,0,0,0,3,1,0,0,0,0,0,0,0,0,0,0,3
CC1(C)C(=O)N(c2ccc(N)cc2)C(=O)c2ccccc21,2.132452374,2.7334,0.645021104,21,280.1211778,1,3,0,TRUE,0,0,0,0,0,0,3,1,0,0,0,0,0,0,0,0,0,0,3
N#Cc1oc2ccccc2c1-c1ccc(NC(=O)C2CC2)cc1,2.191167745,4.31998,0.783169722,23,302.1055277,1,3,0,TRUE,1,0.25,0,0,1,0.25,2,0.5,0,0,0,0,0,0,0,0,0,0,4
Cc1c(N)c(C#N)c2ccccc2c(=O)c1-c1ccccc1,2.267341471,3.6293,0.74244082,22,286.1106131,1,3,0,TRUE,0,0,0,0,0,0,2,0.666666667,1,0.333333333,0,0,0,0,0,0,0,0,3
NC(=O)c1cccc(-c2ccc3c(C4CCC4)coc3c2)n1,2.395354126,3.8612,0.796509039,22,292.1211778,1,3,0,TRUE,0,0,1,0.25,1,0.25,2,0.5,0,0,0,0,0,0,0,0,0,0,4
NC(=O)c1ccc2ncnc(-c3ccc(C4CC4)cc3)c2c1,2.03969039,3.2731,0.804156421,22,289.1215121,1,3,0,TRUE,1,0.25,0,0,0,0,3,0.75,0,0,0,0,0,0,0,0,0,0,4
CC1CCOc2cc(C(=O)Nc3ccc(C#N)cc3)ccc21,2.554852802,3.69658,0.917686881,22,292.1211778,1,3,0,TRUE,0,0,0,0,0,0,3,1,0,0,0,0,0,0,0,0,0,0,3
Nc1ccc(-c2cc(C3CC3)nc3ccccc3c2=O)cc1,2.124096984,3.7216,0.731088555,22,288.1262631,1,3,0,TRUE,1,0.25,0,0,0,0,2,0.5,1,0.25,0,0,0,0,0,0,0,0,4
Cc1ccc(-c2nc3cc(C(N)=O)ccc3o2)c2ccccc12,2.031630682,4.05532,0.606894969,23,302.1055277,1,3,0,TRUE,0,0,0,0,1,0.25,3,0.75,0,0,0,0,0,0,0,0,0,0,4
NC(=O)c1cncc(-c2ccc(C3=CC(=O)CCC3)cc2)c1,2.290033247,2.9839,0.944750754,22,292.1211778,1,3,0,TRUE,0,0,0,0,0,0,3,1,0,0,0,0,0,0,0,0,0,0,3
CC1(C)CC(=O)c2cc(-c3ccc(C#N)c4[nH]cnc34)ccc21,2.867404152,3.96558,0.739129372,23,301.1215121,1,3,0,TRUE,0,0,0,0,2,0.5,2,0.5,0,0,0,0,0,0,0,0,0,0,4
Cc1cc(C#N)ccc1-c1ccc2c(=O)c(C)c(N)ccc2c1,2.284282802,3.93772,0.739905598,23,300.1262631,1,3,0,TRUE,0,0,0,0,0,0,2,0.666666667,1,0.333333333,0,0,0,0,0,0,0,0,3
CC(=O)Nc1ccc(-c2cc(C#N)cc3c2CCC3=O)cc1,2.254835268,3.31258,0.922011222,22,290.1055277,1,3,0,TRUE,0,0,0,0,1,0.333333333,2,0.666666667,0,0,0,0,0,0,0,0,0,0,3
Cc1nc(C(N)=O)cc(-c2ccc(F)c3ccccc23)c1C#N,2.40327535,3.3199,0.788343675,23,305.0964402,1,3,0,TRUE,0,0,0,0,0,0,3,1,0,0,0,0,0,0,0,0,0,0,3
C=CCc1c(-c2ccccc2)[nH]c(=O)c2ccc(C#N)cc12,2.396013467,3.79528,0.744538097,22,286.1106131,1,2,0,TRUE,0,0,0,0,0,0,3,1,0,0,0,0,0,0,0,0,0,0,3
CC1(C)CC(=O)c2ccc(-c3ccc(N)c(C#N)c3)cc2C1,2.462198263,3.96258,0.80818296,22,290.1419132,1,3,0,TRUE,0,0,0,0,0,0,3,1,0,0,0,0,0,0,0,0,0,0,3
N#Cc1ccc(C(N)=O)cc1-c1cn(C2CC2)c2ccccc12,2.305312081,3.61378,0.80224729,23,301.1215121,1,3,0,TRUE,1,0.25,0,0,1,0.25,2,0.5,0,0,0,0,0,0,0,0,0,0,4
CC(=O)c1cc(-c2ccc(C(N)=O)cc2)c2ccccc2n1,1.925272241,3.2033,0.752694352,22,290.1055277,1,3,0,TRUE,0,0,0,0,0,0,3,1,0,0,0,0,0,0,0,0,0,0,3
Cc1oc2c(-c3ccc4c(c3)C(=O)NC4=O)cccc2c1C,2.329702762,3.60024,0.696809225,22,291.0895433,1,3,0,TRUE,0,0,0,0,2,0.5,2,0.5,0,0,0,0,0,0,0,0,0,0,4
N#Cc1oc2ccccc2c1-c1cccc(NC(=O)C2CC2)c1,2.247070542,4.31998,0.783169722,23,302.1055277,1,3,0,TRUE,1,0.25,0,0,1,0.25,2,0.5,0,0,0,0,0,0,0,0,0,0,4
C#CC1=C(C)Oc2ccc(-c3ccc([N+](=O)[O-])cc3)cc2C1,2.703531049,4.1039,0.475209452,22,291.0895433,0,3,0,TRUE,0,0,0,0,0,0,3,1,0,0,0,0,0,0,0,0,0,0,3
CCC(=O)Nc1ccc2c(c1)C(=O)c1ccccc1CC2=O,2.073115665,3.0049,0.925419003,22,293.1051933,1,3,0,TRUE,0,0,0,0,0,0,2,0.666666667,1,0.333333333,0,0,0,0,0,0,0,0,3
O=C(Nc1cc([N+](=O)[O-])cc2ccccc12)c1ccccc1,1.710987093,4.0003,0.585462355,22,292.0847922,1,3,0,TRUE,0,0,0,0,0,0,3,1,0,0,0,0,0,0,0,0,0,0,3
CC(=O)Nc1ccc(-c2ccc3c(=O)oc(C)cc3c2)cc1,1.997881918,3.72682,0.78290486,22,293.1051933,1,3,0,TRUE,0,0,0,0,0,0,3,1,0,0,0,0,0,0,0,0,0,0,3
CC(=O)Nc1ccc(-c2ccc3c(=O)cc(C)oc3c2)cc1,1.969336509,3.72682,0.78290486,22,293.1051933,1,3,0,TRUE,0,0,0,0,0,0,3,1,0,0,0,0,0,0,0,0,0,0,3
COc1ccc(-c2cc3c(o2)c(=O)[nH]c2ccccc23)cc1,2.111514944,3.9499,0.608112034,22,291.0895433,1,3,0,TRUE,0,0,0,0,1,0.25,3,0.75,0,0,0,0,0,0,0,0,0,0,4
N#Cc1ccc2c(-c3ccc(N)cc3)cc(C(=O)N3CC3)cc2c1,2.09164027,3.41648,0.581947157,24,313.1215121,1,3,0,TRUE,1,0.25,0,0,0,0,3,0.75,0,0,0,0,0,0,0,0,0,0,4
Cc1cncc2c1oc1cccc(-c3ccc(C(N)=O)cc3)c12,2.329390123,4.05532,0.606894969,23,302.1055277,1,3,0,TRUE,0,0,0,0,1,0.25,3,0.75,0,0,0,0,0,0,0,0,0,0,4
O=C(Nc1ccc(-c2noc3ccccc23)cc1)C1CC1,1.867638576,3.8433,0.79147511,21,278.1055277,1,3,0,TRUE,1,0.25,0,0,1,0.25,2,0.5,0,0,0,0,0,0,0,0,0,0,4
Cc1ccc(-c2c(C(N)=O)ccc3ncc(C#N)cc23)cc1,2.154084399,3.1808,0.785674767,22,287.105862,1,3,0,TRUE,0,0,0,0,0,0,3,1,0,0,0,0,0,0,0,0,0,0,3
N#CCC(=O)Nc1cccc(-c2ccc3c(c2)CCCC3)c1,2.053815424,4.08458,0.925454811,22,290.1419132,1,2,0,TRUE,0,0,0,0,0,0,3,1,0,0,0,0,0,0,0,0,0,0,3
C=CN1C(=O)CCc2cc(-c3cccc([N+](=O)[O-])c3)ccc21,2.572229313,3.6845,0.640377632,22,294.1004423,0,3,0,TRUE,0,0,0,0,0,0,3,1,0,0,0,0,0,0,0,0,0,0,3
O=[N+]([O-])c1ccc2c(c1)C(c1ccc(Cl)cc1)CCC2O,2.983078265,4.2073,0.66749924,21,303.066221,1,3,0,TRUE,0,0,0,0,0,0,3,1,0,0,0,0,0,0,0,0,0,0,3
Cc1ccccc1-c1ccc2cc(C(=O)C#N)[nH]c(=O)c2c1,2.400970255,3.2098,0.580942736,22,288.0898776,1,3,0,TRUE,0,0,0,0,0,0,3,1,0,0,0,0,0,0,0,0,0,0,3
N#Cc1cccc(NC(=O)c2ccc3ccccc3c(=O)c2)c1,1.898069843,3.32398,0.788886959,23,300.0898776,1,3,0,TRUE,0,0,0,0,0,0,2,0.666666667,1,0.333333333,0,0,0,0,0,0,0,0,3
Cc1cc(OC(N)=O)cc(-c2ccc(C#N)c3ccccc23)c1,2.216553974,4.1444,0.772379651,23,302.1055277,1,3,0,TRUE,0,0,0,0,0,0,3,1,0,0,0,0,0,0,0,0,0,0,3
CCc1nc2cc(-c3ccc(Cl)cc3)ccc2c(=O)[nH]1,2.050312557,3.8059,0.77771123,20,284.0716407,1,2,0,TRUE,0,0,0,0,0,0,3,1,0,0,0,0,0,0,0,0,0,0,3
Cc1ccc2c(-c3ccc(Cl)cc3)nc(C(N)=O)nc2c1,2.104698118,3.35752,0.788307318,21,297.0668897,1,3,0,TRUE,0,0,0,0,0,0,3,1,0,0,0,0,0,0,0,0,0,0,3
CC(=O)c1ccc(C#N)c(-c2ccc3c(c2)CCCC3N)c1,2.767284989,3.76398,0.856147249,22,290.1419132,1,3,0,TRUE,0,0,0,0,0,0,3,1,0,0,0,0,0,0,0,0,0,0,3
CC(=O)/C=C/c1cccc(-c2ccc3c(=O)[nH]cnc3c2)c1,2.390072808,3.1923,0.753417784,22,290.1055277,1,3,0,TRUE,0,0,0,0,0,0,3,1,0,0,0,0,0,0,0,0,0,0,3
CC1(c2ccc[nH]2)c2ccccc2-c2ccc([N+](=O)[O-])cc21,3.164367087,4.2576,0.566052006,22,290.1055277,1,2,0,TRUE,0,0,0,0,2,0.5,2,0.5,0,0,0,0,0,0,0,0,0,0,4
COC(=O)c1cccc2cc(-c3cccc(C(N)=O)c3)ccc12,1.820010779,3.3923,0.754012221,23,305.1051933,1,3,0,TRUE,0,0,0,0,0,0,3,1,0,0,0,0,0,0,0,0,0,0,3
CC1(C(=O)O)CCc2cc(-c3cccc(C#N)c3)ccc2C1,2.800598388,3.80488,0.914951399,22,291.1259288,1,2,0,TRUE,0,0,0,0,0,0,3,1,0,0,0,0,0,0,0,0,0,0,3
Cc1ccccc1-c1cc(C(N)=O)cc2ccc(C#N)cc12,2.065006732,3.7858,0.778500171,22,286.1106131,1,2,0,TRUE,0,0,0,0,0,0,3,1,0,0,0,0,0,0,0,0,0,0,3
Cn1c(=O)c2ccc(-c3ccccc3)cc2c(=O)c2n[nH]cc21,2.514483829,2.442,0.587059125,23,303.1007767,1,4,0,TRUE,0,0,0,0,1,0.25,2,0.5,1,0.25,0,0,0,0,0,0,0,0,4
Cc1cc(-c2ccc(-c3nn[nH]n3)cc2)c2ccccc2c1,2.007038623,3.99532,0.605781033,22,286.1218464,1,3,0,TRUE,0,0,0,0,1,0.25,3,0.75,0,0,0,0,0,0,0,0,0,0,4
O=C(O)c1cc(-c2ccccc2)ccc1N1CCCCC1=O,1.872044236,3.5687,0.941413168,22,295.1208434,1,2,0,TRUE,0,0,0,0,0,0,3,1,0,0,0,0,0,0,0,0,0,0,3
CC1(C2CC2)Nc2ccccc2-c2ccc([N+](=O)[O-])cc21,2.921369377,4.3125,0.658326826,21,280.1211778,1,3,0,TRUE,1,0.25,0,0,0,0,3,0.75,0,0,0,0,0,0,0,0,0,0,4
CC(=O)Nc1cccc(-c2cc(C#N)nc3ccccc23)c1,2.068413467,3.73188,0.78057225,22,287.105862,1,3,0,TRUE,0,0,0,0,0,0,3,1,0,0,0,0,0,0,0,0,0,0,3
Cc1oc(=O)c2ccc(-c3ccccc3)cc2c1C(N)=O,2.082218066,2.86732,0.783482184,21,279.0895433,1,3,0,TRUE,0,0,0,0,0,0,3,1,0,0,0,0,0,0,0,0,0,0,3
Cc1c(-c2cccc(C#N)c2)ccc2c1NC(=O)CC2(C)C,2.581064089,4.1535,0.857258101,22,290.1419132,1,2,0,TRUE,0,0,0,0,0,0,3,1,0,0,0,0,0,0,0,0,0,0,3
CS(=O)(=O)c1cc(-c2cccc(N)c2)c2ccccc2c1,1.936014416,3.4925,0.736499225,21,297.0823497,1,3,0,TRUE,0,0,0,0,0,0,3,1,0,0,0,0,0,0,0,0,0,0,3
N#Cc1ccc(-c2coc3ccccc23)cc1NC(=O)C1CC1,2.177296416,4.31998,0.783169722,23,302.1055277,1,3,0,TRUE,1,0.25,0,0,1,0.25,2,0.5,0,0,0,0,0,0,0,0,0,0,4
NC(=O)c1cccc(-c2cc3ccccc3cc2C(=O)O)c1,1.819255367,3.3039,0.776525065,22,291.0895433,2,2,0,TRUE,0,0,0,0,0,0,3,1,0,0,0,0,0,0,0,0,0,0,3
Cc1cccc(-c2ccc3c(=O)[nH]c(C4(C#N)CC4)nc3c2)c1,2.665124625,3.4537,0.787781301,23,301.1215121,1,3,0,TRUE,1,0.25,0,0,0,0,3,0.75,0,0,0,0,0,0,0,0,0,0,4
Cc1ccc(-c2cncc(-c3ccc4c(c3)C(=O)NC4=O)c2)o1,2.37903278,3.20062,0.737914282,23,304.0847922,1,4,0,TRUE,0,0,0,0,2,0.5,2,0.5,0,0,0,0,0,0,0,0,0,0,4
CC(C)c1ccc2[nH]c(=O)c3ccc(C#N)cc3c(=O)c2c1,2.269400785,3.03658,0.748232684,22,290.1055277,1,3,0,TRUE,0,0,0,0,0,0,2,0.666666667,1,0.333333333,0,0,0,0,0,0,0,0,3
Cc1c(Cl)cnc2c(-c3cccc(C(N)=O)n3)cccc12,2.373555224,3.35752,0.788307318,21,297.0668897,1,3,0,TRUE,0,0,0,0,0,0,3,1,0,0,0,0,0,0,0,0,0,0,3
[C-]#[N+]c1ccc(-c2cccc3c(=O)[nH]ccc23)cc1C(=O)OC,2.56450356,3.53249,0.581629383,23,304.0847922,1,3,0,TRUE,0,0,0,0,0,0,3,1,0,0,0,0,0,0,0,0,0,0,3
N#Cc1ccc(NC(=O)c2cccc3ccccc3c2=O)cc1,1.811904808,3.32398,0.788886959,23,300.0898776,1,3,0,TRUE,0,0,0,0,0,0,2,0.666666667,1,0.333333333,0,0,0,0,0,0,0,0,3
CC1(C(=O)NC#N)CC(=O)c2cc(-c3ccccc3)ccc21,3.101734369,2.79498,0.682658338,22,290.1055277,1,3,0,TRUE,0,0,0,0,1,0.333333333,2,0.666666667,0,0,0,0,0,0,0,0,0,0,3
C=CC(=O)Nc1ccc([N+](=O)[O-])cc1C(F)(F)F,2.253710025,2.7381,0.515597835,18,260.0408767,1,3,0,TRUE,0,0,0,0,0,0,1,1,0,0,0,0,0,0,0,0,0,0,1
N#Cc1ccc(-c2cccc3ccccc23)cc1N[SH](=O)=O,2.653661819,3.31678,0.729236596,22,308.0619486,2,3,0,TRUE,0,0,0,0,0,0,3,1,0,0,0,0,0,0,0,0,0,0,3
N#Cc1c(-c2ccc(NC(=O)C3CC3)cc2)oc2ccccc12,2.098979633,4.31998,0.783169722,23,302.1055277,1,3,0,TRUE,1,0.25,0,0,1,0.25,2,0.5,0,0,0,0,0,0,0,0,0,0,4
Nc1ccc(N2CCCc3ccccc3C2=O)cc1[N+](=O)[O-],2.169480429,2.77,0.524064426,22,297.1113413,1,4,0,TRUE,0,0,0,0,0,0,2,0.666666667,1,0.333333333,0,0,0,0,0,0,0,0,3
CS(=O)(=O)c1cc(-c2ccc(N)cc2)c2ccccc2c1,1.880707245,3.4925,0.736499225,21,297.0823497,1,3,0,TRUE,0,0,0,0,0,0,3,1,0,0,0,0,0,0,0,0,0,0,3
Cc1ccc2c(-c3cccc(Cl)c3)nc(C(N)=O)nc2c1,2.170042577,3.35752,0.788307318,21,297.0668897,1,3,0,TRUE,0,0,0,0,0,0,3,1,0,0,0,0,0,0,0,0,0,0,3
CC(=O)Nc1ccc(-c2ccc(C#N)c3ccccc3c2=O)cc1,2.017257917,3.69708,0.78382768,24,314.1055277,1,3,0,TRUE,0,0,0,0,0,0,2,0.666666667,1,0.333333333,0,0,0,0,0,0,0,0,3
Cc1ccc2c(=O)c(-c3ccc(N)c(C#N)c3)cccc2c1,2.233536757,3.6293,0.694523957,22,286.1106131,1,3,0,TRUE,0,0,0,0,0,0,2,0.666666667,1,0.333333333,0,0,0,0,0,0,0,0,3
CC1=C(c2ccc(C#N)cc2)c2ccc(C#N)cc2CCC1O,3.004407578,3.55886,0.875226507,23,300.1262631,1,3,0,TRUE,0,0,0,0,0,0,2,0.666666667,1,0.333333333,0,0,0,0,0,0,0,0,3
Cc1cc(-c2ccc(N)cc2)c2cc(Cl)ccc2n1,1.881474585,4.44582,0.66256233,19,268.0767261,1,2,0,TRUE,0,0,0,0,0,0,3,1,0,0,0,0,0,0,0,0,0,0,3
NC1(c2ccccc2[N+](=O)[O-])c2ccccc2-c2ccccc21,2.298437675,3.8258,0.577565044,23,302.1055277,1,3,0,TRUE,0,0,0,0,1,0.25,3,0.75,0,0,0,0,0,0,0,0,0,0,4
CC(=O)Nc1ccc(-c2ccnc3cc(C#N)ccc23)cc1,1.968064017,3.73188,0.78057225,22,287.105862,1,3,0,TRUE,0,0,0,0,0,0,3,1,0,0,0,0,0,0,0,0,0,0,3
CC(C#N)c1[nH]c(=O)c2ccc(-c3ccccc3)cc2c1F,2.94598747,3.96128,0.776849932,22,292.1011913,1,2,0,TRUE,0,0,0,0,0,0,3,1,0,0,0,0,0,0,0,0,0,0,3
[N-]=[N+]=Nc1cc(C(=O)NC2CCSC2)cc2ccccc12,3.195785027,4.0169,0.527509238,21,298.0888321,1,3,0,TRUE,0,0,0,0,1,0.333333333,2,0.666666667,0,0,0,0,0,0,0,0,0,0,3
C#CC(=O)c1ccc(-c2ccc(N)c(C#N)c2)c2ccccc12,2.553356341,3.77658,0.338560583,23,296.094963,1,3,0,TRUE,0,0,0,0,0,0,3,1,0,0,0,0,0,0,0,0,0,0,3
Cc1ccccc1-c1c([N+](=O)[O-])ccc2c1NC(=O)CCC2,2.398118394,3.84502,0.675561459,22,296.1160924,1,3,0,TRUE,0,0,0,0,0,0,2,0.666666667,1,0.333333333,0,0,0,0,0,0,0,0,3
CC1(C)C(=O)C(C#N)=Cc2ccc(-c3ccc(N)cc3)cc21,2.692110242,3.70308,0.813444825,22,288.1262631,1,3,0,TRUE,0,0,0,0,0,0,3,1,0,0,0,0,0,0,0,0,0,0,3
CC(=O)c1ccc(-c2ccc(=O)c3cc(N)ccc3c2)cc1,2.002783903,3.6518,0.578352624,22,289.1102787,1,3,0,TRUE,0,0,0,0,0,0,2,0.666666667,1,0.333333333,0,0,0,0,0,0,0,0,3
Cc1c(C#N)cc2ccccc2c1-c1cccc(C(N)=O)c1,2.190508717,3.7858,0.778500171,22,286.1106131,1,2,0,TRUE,0,0,0,0,0,0,3,1,0,0,0,0,0,0,0,0,0,0,3
NC(=O)c1c(C2CC2)oc2ccc(-c3ccccc3)cc2c1=O,2.253376223,3.4363,0.805254996,23,305.1051933,1,3,0,TRUE,1,0.25,0,0,0,0,3,0.75,0,0,0,0,0,0,0,0,0,0,4
CC1(C)CC(=O)c2ccc(-c3ccc(C#N)c(N)c3)cc2C1,2.487634328,3.96258,0.80818296,22,290.1419132,1,3,0,TRUE,0,0,0,0,0,0,3,1,0,0,0,0,0,0,0,0,0,0,3
Cc1ccc2c(=O)cc(-c3cccc(C#N)c3)cc(N)c2c1,2.237753134,3.6293,0.74244082,22,286.1106131,1,3,0,TRUE,0,0,0,0,0,0,2,0.666666667,1,0.333333333,0,0,0,0,0,0,0,0,3
CC(C)(C)c1cc(-c2cccc3ccccc23)c(C(N)=O)nn1,2.319867417,3.6932,0.784663846,23,305.1528122,1,3,0,TRUE,0,0,0,0,0,0,3,1,0,0,0,0,0,0,0,0,0,0,3
Cc1nc2ccccc2nc1-c1cc(C(N)=O)ccc1Cl,2.004501248,3.35752,0.788307318,21,297.0668897,1,3,0,TRUE,0,0,0,0,0,0,3,1,0,0,0,0,0,0,0,0,0,0,3
[C-]#[N+]c1ccc(-c2ccc3c(=O)[nH]c(CCC#N)nc3c2)cc1,2.759615297,3.59707,0.750976863,23,300.101111,1,3,0,TRUE,0,0,0,0,0,0,3,1,0,0,0,0,0,0,0,0,0,0,3
N#CC1(C2CC2)Cc2cc(-c3ccc(N)cc3)ccc2C1=O,3.096329902,3.59458,0.858557564,22,288.1262631,1,3,0,TRUE,1,0.25,0,0,1,0.25,2,0.5,0,0,0,0,0,0,0,0,0,0,4
Cc1ccc(-c2ccc(C#N)cc2)cc1-c1ccnc(N)c1,2.065824456,4.1779,0.767952625,22,285.1265975,1,3,0,TRUE,0,0,0,0,0,0,3,1,0,0,0,0,0,0,0,0,0,0,3
N#Cc1ncc(-c2cccc(C(N)=O)c2)cc1C1=CCCCC1,2.535305507,3.67658,0.938900939,23,303.1371622,1,3,0,TRUE,0,0,0,0,0,0,3,1,0,0,0,0,0,0,0,0,0,0,3
N#Cc1ccc(-c2ccc3scc(CC(N)=O)c3c2)cc1,2.231775928,3.46778,0.802849708,21,292.067034,1,3,0,TRUE,0,0,0,0,1,0.333333333,2,0.666666667,0,0,0,0,0,0,0,0,0,0,3
CC(=O)Nc1ccc(-c2cc3ccccc3nc2C#N)cc1,2.032802478,3.73188,0.78057225,22,287.105862,1,3,0,TRUE,0,0,0,0,0,0,3,1,0,0,0,0,0,0,0,0,0,0,3
Cc1cc(Cl)ccc1-c1noc2ccc(C(N)=O)cc12,2.174243268,3.55552,0.782938345,20,286.0509053,1,3,0,TRUE,0,0,0,0,1,0.333333333,2,0.666666667,0,0,0,0,0,0,0,0,0,0,3
NC(=O)Oc1cc(-c2ccc(Cl)cc2)c2ccccc2n1,2.034987467,4.0127,0.77701514,21,298.0509053,1,3,0,TRUE,0,0,0,0,0,0,3,1,0,0,0,0,0,0,0,0,0,0,3
N#Cc1cc(-c2ccc(N)cc2)ccc1-c1cccc(F)c1,1.944932148,4.61358,0.699741365,22,288.1062766,1,2,0,TRUE,0,0,0,0,0,0,3,1,0,0,0,0,0,0,0,0,0,0,3
N#Cc1cc(NC(=O)C2CC2)cc(-c2coc3ccccc23)c1,2.205657955,4.31998,0.783169722,23,302.1055277,1,3,0,TRUE,1,0.25,0,0,1,0.25,2,0.5,0,0,0,0,0,0,0,0,0,0,4
COc1c(C2CC2)ccc2c(=O)[nH]c3cc(C#N)ccc3c12,2.4825777,3.43898,0.735144691,22,290.1055277,1,3,0,TRUE,1,0.25,0,0,0,0,3,0.75,0,0,0,0,0,0,0,0,0,0,4
CC(=O)Nc1ccc(-c2cc(C#N)nc3ccccc23)cc1,2.010496984,3.73188,0.78057225,22,287.105862,1,3,0,TRUE,0,0,0,0,0,0,3,1,0,0,0,0,0,0,0,0,0,0,3
Cc1ccc2c(=O)c(-c3ccc(N)cc3)cc(C#N)cc2c1,2.188996806,3.6293,0.694523957,22,286.1106131,1,3,0,TRUE,0,0,0,0,0,0,2,0.666666667,1,0.333333333,0,0,0,0,0,0,0,0,3
Cc1ccc(-c2c(C#N)sc3cc(C(N)=O)ccc23)cc1,2.315023542,3.8473,0.779242753,21,292.067034,1,3,0,TRUE,0,0,0,0,1,0.333333333,2,0.666666667,0,0,0,0,0,0,0,0,0,0,3
COc1ccc2c(c1)C(CC#N)c1[nH]c3ccccc3c1C2=O,3.062180606,3.76648,0.783356392,23,302.1055277,1,3,0,TRUE,0,0,0,0,1,0.25,3,0.75,0,0,0,0,0,0,0,0,0,0,4
Cc1ccc(-c2coc3nc(-c4ccccc4)[nH]c(=O)c23)cc1,2.292719107,4.15852,0.604625945,23,302.1055277,1,3,0,TRUE,0,0,0,0,1,0.25,3,0.75,0,0,0,0,0,0,0,0,0,0,4
O=C(Nc1ccncn1)C1CCCCCC1c1ccccc1,2.81235184,3.7792,0.876717665,22,295.1684623,1,3,0,TRUE,0,0,0,0,0,0,2,0.666666667,1,0.333333333,0,0,0,0,0,0,0,0,3
Cc1cnc2ccc(NC(=O)c3ccccc3)cc2c1C#N,1.989213467,3.6672,0.78171255,22,287.105862,1,3,0,TRUE,0,0,0,0,0,0,3,1,0,0,0,0,0,0,0,0,0,0,3
CC(=O)c1[nH]c(=O)c2cc(-c3ccccc3)ccc2c1C#N,2.298372489,3.26938,0.735351386,22,288.0898776,1,3,0,TRUE,0,0,0,0,0,0,3,1,0,0,0,0,0,0,0,0,0,0,3
CC1CCCc2cc(-c3cc(C#N)ccc3C(=O)O)ccc21,2.715004592,4.36328,0.893649773,22,291.1259288,1,2,0,TRUE,0,0,0,0,0,0,3,1,0,0,0,0,0,0,0,0,0,0,3
N#Cc1ccc(Oc2cc3c([nH]2)-c2ccccc2C3=O)cc1,2.519342588,3.89008,0.607600955,22,286.0742276,1,3,0,TRUE,0,0,0,0,2,0.5,2,0.5,0,0,0,0,0,0,0,0,0,0,4
CCNC(=O)C(C#N)=C1c2ccccc2-c2cc(C#N)ccc21,2.536764388,3.00026,0.583458639,23,299.105862,1,3,0,TRUE,0,0,0,0,1,0.333333333,2,0.666666667,0,0,0,0,0,0,0,0,0,0,3
Cc1csc2ccc(-c3ccc(C(N)=O)cc3C#N)cc12,2.345475693,3.8473,0.779242753,21,292.067034,1,3,0,TRUE,0,0,0,0,1,0.333333333,2,0.666666667,0,0,0,0,0,0,0,0,0,0,3
NC(=O)c1cc(-c2ccccc2)c2oc(C3CCC3)nc2c1,2.252327753,3.8612,0.796509039,22,292.1211778,1,3,0,TRUE,0,0,1,0.25,1,0.25,2,0.5,0,0,0,0,0,0,0,0,0,0,4
CC1(C)OCC(=O)Nc2ccc(-c3cccc(C#N)c3)cc21,2.477130801,3.42908,0.875538851,22,292.1211778,1,3,0,TRUE,0,0,0,0,0,0,2,0.666666667,1,0.333333333,0,0,0,0,0,0,0,0,3
NC(=O)c1cccc(-c2cccc3oc(C4CCC4)nc23)c1,2.228345335,3.8612,0.796509039,22,292.1211778,1,3,0,TRUE,0,0,1,0.25,1,0.25,2,0.5,0,0,0,0,0,0,0,0,0,0,4
N#Cc1ccc(-c2cccc(-c3ccc(C(=O)O)cc3)c2)cc1,1.704030682,4.59048,0.769022213,23,299.0946287,1,2,0,TRUE,0,0,0,0,0,0,3,1,0,0,0,0,0,0,0,0,0,0,3
C=CC(=O)Nc1cccc(-c2ccnc3ccc(C#N)cc23)c1,2.225021591,3.89798,0.745871366,23,299.105862,1,3,0,TRUE,0,0,0,0,0,0,3,1,0,0,0,0,0,0,0,0,0,0,3
NC(=O)c1cc(-c2cccc(Cl)c2)ccc1Oc1ccco1,2.281314566,4.4912,0.771315772,22,313.0505709,1,3,0,TRUE,0,0,0,0,1,0.333333333,2,0.666666667,0,0,0,0,0,0,0,0,0,0,3
N#Cc1ccccc1-c1ccc(N)c(C2(C3CC3)CC(=O)C2)c1,2.625291936,3.81818,0.87643245,23,302.1419132,1,3,0,TRUE,1,0.25,1,0.25,0,0,2,0.5,0,0,0,0,0,0,0,0,0,0,4
CC(=O)c1c[nH]c2ccc(-c3cnc(Cl)c(C#N)c3)cc12,2.504786254,3.95758,0.574484787,21,295.0512396,1,3,0,TRUE,0,0,0,0,1,0.333333333,2,0.666666667,0,0,0,0,0,0,0,0,0,0,3
Cc1cccc2cc(-c3cc([N+](=O)[O-])ccc3NC=O)ccc12,2.261526282,4.29172,0.443712315,23,306.1004423,1,3,0,TRUE,0,0,0,0,0,0,3,1,0,0,0,0,0,0,0,0,0,0,3
N#Cc1cccc(NC(=O)c2cccc3ccccc3c2=O)c1,1.854028584,3.32398,0.788886959,23,300.0898776,1,3,0,TRUE,0,0,0,0,0,0,2,0.666666667,1,0.333333333,0,0,0,0,0,0,0,0,3
CC(C)(C#N)c1ccc(-c2cc3[nH]ccc3c(=O)o2)c(F)c1,2.783454,3.72838,0.782994252,22,296.0961059,1,3,0,TRUE,0,0,0,0,1,0.333333333,2,0.666666667,0,0,0,0,0,0,0,0,0,0,3
N#Cc1cc(-c2ccc(NC(=O)C3CCCCC3)cc2)ccn1,2.018840117,4.13908,0.926442996,23,305.1528122,1,3,0,TRUE,0,0,0,0,0,0,3,1,0,0,0,0,0,0,0,0,0,0,3
C=C1C=C(c2ccc(S(N)(=O)=O)cc2)c2ccccc2O1,2.490848575,2.6718,0.926535804,21,299.0616143,1,3,0,TRUE,0,0,0,0,0,0,3,1,0,0,0,0,0,0,0,0,0,0,3
N#Cc1cccc(-c2ccnc(NC(=O)C3CCCC3)c2)c1,2.051154367,3.74898,0.93618709,22,291.1371622,1,3,0,TRUE,0,0,0,0,1,0.333333333,2,0.666666667,0,0,0,0,0,0,0,0,0,0,3
CC(=O)Nc1ccc2c(-c3ccc(C#N)cc3)ccnc2c1,1.963367313,3.73188,0.78057225,22,287.105862,1,3,0,TRUE,0,0,0,0,0,0,3,1,0,0,0,0,0,0,0,0,0,0,3
CC(=O)Nc1ccc(-c2ccc3ccccc3c2)c(C#N)c1,1.882459621,4.33688,0.761637571,22,286.1106131,1,2,0,TRUE,0,0,0,0,0,0,3,1,0,0,0,0,0,0,0,0,0,0,3
CC(C)(C)C(=O)c1ccc(-c2cncc3ncccc23)cc1N,2.431002273,4.1078,0.571225918,23,305.1528122,1,4,0,TRUE,0,0,0,0,0,0,3,1,0,0,0,0,0,0,0,0,0,0,3
CC(=O)Nc1ccc2oc(-c3cccc(C#N)c3)cc(=O)c2c1,2.149493856,3.29008,0.787112253,23,304.0847922,1,4,0,TRUE,0,0,0,0,0,0,3,1,0,0,0,0,0,0,0,0,0,0,3
CC(=O)Nc1ccc(-c2ccc(C#N)c3ccccc23)cc1,1.824004676,4.33688,0.761637571,22,286.1106131,1,2,0,TRUE,0,0,0,0,0,0,3,1,0,0,0,0,0,0,0,0,0,0,3
O=C(NC1CCCCC1)c1ccc([N+](=O)[O-])c2ccccc12,1.93254094,3.8105,0.691438507,22,298.1317424,1,3,0,TRUE,0,0,0,0,0,0,3,1,0,0,0,0,0,0,0,0,0,0,3
N#CCC1CC(=O)CCc2ccc(-c3ccc(N)cc3)cc21,2.987068186,3.83848,0.674686,22,290.1419132,1,3,0,TRUE,0,0,0,0,0,0,2,0.666666667,1,0.333333333,0,0,0,0,0,0,0,0,3
CC(=O)Nc1ccc2oc(-c3ccc(Cl)cc3)cc2n1,2.034124702,4.1066,0.771204724,20,286.0509053,1,3,0,TRUE,0,0,0,0,1,0.333333333,2,0.666666667,0,0,0,0,0,0,0,0,0,0,3
CC(=O)Nc1cc(-c2ccc(F)cc2)c2ccc(C#N)cc2n1,2.131353264,3.87098,0.781236597,23,305.0964402,1,3,0,TRUE,0,0,0,0,0,0,3,1,0,0,0,0,0,0,0,0,0,0,3
Cc1c(C(N)=O)oc2cc(-c3ccc(Cl)cc3)cnc12,2.323010301,3.55552,0.782938345,20,286.0509053,1,3,0,TRUE,0,0,0,0,1,0.333333333,2,0.666666667,0,0,0,0,0,0,0,0,0,0,3
C[N+](C)([O-])c1cccc(C(=O)NC2CCCCC2=O)c1Cl,3.359310254,2.6462,0.689009087,21,310.1084201,1,3,0,TRUE,0,0,0,0,0,0,2,1,0,0,0,0,0,0,0,0,0,0,2
C=CC(=O)Nc1cccc(-c2cncc3cc(C#N)ccc23)c1,2.329031381,3.89798,0.745871366,23,299.105862,1,3,0,TRUE,0,0,0,0,0,0,3,1,0,0,0,0,0,0,0,0,0,0,3
CC(=O)Nc1cc(-c2cccc3ccccc23)ccc1C#N,1.895747533,4.33688,0.761637571,22,286.1106131,1,2,0,TRUE,0,0,0,0,0,0,3,1,0,0,0,0,0,0,0,0,0,0,3
CC(=O)Nc1ccc2c(c1)C(=O)C(CC#N)c1ccccc1-2,2.813437346,3.50558,0.919736562,22,290.1055277,1,3,0,TRUE,0,0,0,0,0,0,3,1,0,0,0,0,0,0,0,0,0,0,3
CC(=O)Nc1ccc(-c2cc(C#N)c3ccccc3c2)cc1,1.876068412,4.33688,0.761637571,22,286.1106131,1,2,0,TRUE,0,0,0,0,0,0,3,1,0,0,0,0,0,0,0,0,0,0,3
N#Cc1ccc(C(=O)C(F)(F)F)cc1-c1ccc(N)cc1,2.277527021,3.55248,0.679017806,21,290.0666976,1,3,0,TRUE,0,0,0,0,0,0,2,1,0,0,0,0,0,0,0,0,0,0,2
C=CC1(C)c2cc([N+](=O)[O-])ccc2NC(=O)c2ccccc21,3.141999694,3.6525,0.521733308,22,294.1004423,1,3,0,TRUE,0,0,0,0,0,0,2,0.666666667,1,0.333333333,0,0,0,0,0,0,0,0,3
O=[N+]([O-])c1ccc(-c2cnc3ccccc3c2)cc1C1CC1,2.10674094,4.6874,0.519209095,22,290.1055277,0,3,0,TRUE,1,0.25,0,0,0,0,3,0.75,0,0,0,0,0,0,0,0,0,0,4
Cc1[nH]c(=O)c2cc(-c3ccccc3)ccc2c1C(=O)C#N,2.340105243,3.2098,0.580942736,22,288.0898776,1,3,0,TRUE,0,0,0,0,0,0,3,1,0,0,0,0,0,0,0,0,0,0,3
N#Cc1cncc(-c2ccc(NC(=O)C3CCCCC3)cc2)c1,2.001526225,4.13908,0.926442996,23,305.1528122,1,3,0,TRUE,0,0,0,0,0,0,3,1,0,0,0,0,0,0,0,0,0,0,3
CC(=O)Nc1ccc2cccc(-c3ccc(C#N)nc3)c2c1,2.114943137,3.73188,0.78057225,22,287.105862,1,3,0,TRUE,0,0,0,0,0,0,3,1,0,0,0,0,0,0,0,0,0,0,3
C=CC(=O)Nc1ccc(-c2cc(C#N)nc3ccccc23)cc1,2.216695018,3.89798,0.745871366,23,299.105862,1,3,0,TRUE,0,0,0,0,0,0,3,1,0,0,0,0,0,0,0,0,0,0,3
CC(=O)Nc1ccc(-c2c(C#N)oc3ccccc23)c(F)c1,2.357589362,4.06898,0.774403412,22,294.0804558,1,3,0,TRUE,0,0,0,0,1,0.333333333,2,0.666666667,0,0,0,0,0,0,0,0,0,0,3
NC(=O)c1cccc(-c2cc(Cl)cc(-c3ccon3)c2)c1,2.255877467,3.7609,0.800101526,21,298.0509053,1,3,0,TRUE,0,0,0,0,1,0.333333333,2,0.666666667,0,0,0,0,0,0,0,0,0,0,3
CC1(C)CCC(=O)c2cc(-c3cc(C#N)ccc3N)ccc21,2.508469385,4.06158,0.805196646,22,290.1419132,1,3,0,TRUE,0,0,0,0,0,0,3,1,0,0,0,0,0,0,0,0,0,0,3
Nc1ccc2c(c1)C(=O)N(c1ccc([N+](=O)[O-])c(Cl)c1)C2,2.34802744,2.9908,0.524414307,21,303.0410689,1,4,0,TRUE,0,0,0,0,1,0.333333333,2,0.666666667,0,0,0,0,0,0,0,0,0,0,3
CC(C)(C)Oc1nc(-c2ccccc2)cc(Cl)c1C(N)=O,2.284590989,3.6782,0.940396317,21,304.0978555,1,3,0,TRUE,0,0,0,0,0,0,2,1,0,0,0,0,0,0,0,0,0,0,2
CS(=O)(=O)c1cccc2cccc(-c3ccc(N)cc3)c12,2.006263699,3.4925,0.736499225,21,297.0823497,1,3,0,TRUE,0,0,0,0,0,0,3,1,0,0,0,0,0,0,0,0,0,0,3
NC(=O)c1ccc2c(=O)cc(-c3ccc(Cl)cc3)oc2c1,1.975616763,3.2123,0.789337592,21,299.0349209,1,3,0,TRUE,0,0,0,0,0,0,3,1,0,0,0,0,0,0,0,0,0,0,3
CS(=O)(=O)c1cc(-c2ccc(N)cc2)cc2ccccc12,1.928054051,3.4925,0.736499225,21,297.0823497,1,3,0,TRUE,0,0,0,0,0,0,3,1,0,0,0,0,0,0,0,0,0,0,3
CC(=O)Nc1cc(-c2ccc(C#N)cc2)nc2ccccc12,1.911231049,3.73188,0.78057225,22,287.105862,1,3,0,TRUE,0,0,0,0,0,0,3,1,0,0,0,0,0,0,0,0,0,0,3
COc1ccc(-c2ccc(C#N)c3ccccc23)cc1C#N,2.081936544,4.25876,0.706155475,22,284.094963,0,3,0,TRUE,0,0,0,0,0,0,3,1,0,0,0,0,0,0,0,0,0,0,3
Cc1oc2cc(Cl)ccc2c(=O)c1C(=O)Nc1ccccc1,1.92978564,4.00712,0.777394029,22,313.0505709,1,3,0,TRUE,0,0,0,0,0,0,3,1,0,0,0,0,0,0,0,0,0,0,3
N#CCC(=O)Nc1ccc(-c2ccnc3ccccc23)cc1,1.943703886,3.75398,0.797348389,22,287.105862,1,3,0,TRUE,0,0,0,0,0,0,3,1,0,0,0,0,0,0,0,0,0,0,3
Cc1cc2cc(C#N)ccc2cc1-c1cccc(C(N)=O)c1,2.059689362,3.7858,0.778500171,22,286.1106131,1,2,0,TRUE,0,0,0,0,0,0,3,1,0,0,0,0,0,0,0,0,0,0,3
NC(=O)Cc1noc2ccc(-c3ccc(Cl)cc3)cc12,2.132019439,3.176,0.80376503,20,286.0509053,1,3,0,TRUE,0,0,0,0,1,0.333333333,2,0.666666667,0,0,0,0,0,0,0,0,0,0,3
Cc1c(C(F)(F)F)cc(C#N)c(-c2ccc(N)cc2)c1C#N,2.718523618,4.00638,0.808750966,22,301.082682,1,3,0,TRUE,0,0,0,0,0,0,2,1,0,0,0,0,0,0,0,0,0,0,2
Cc1nc2c(=O)[nH]c3cc(Oc4ccccc4)ccc3c2[nH]1,2.313216626,3.50512,0.593468221,22,291.1007767,2,3,0,TRUE,0,0,0,0,1,0.25,3,0.75,0,0,0,0,0,0,0,0,0,0,4
CC(=O)Nc1cnc2ccccc2c1-c1cccc(C#N)c1,2.133859621,3.73188,0.78057225,22,287.105862,1,3,0,TRUE,0,0,0,0,0,0,3,1,0,0,0,0,0,0,0,0,0,0,3
CC1CC(=O)c2c(O)cccc2N1C1CCCCCC1C#N,3.745818581,3.64598,0.803811491,22,298.1681279,1,4,0,TRUE,0,0,0,0,0,0,2,0.666666667,1,0.333333333,0,0,0,0,0,0,0,0,3
NS(=O)(=O)c1ccccc1-c1cccc2ccccc12,1.719824297,3.1542,0.785006312,20,283.0666997,1,2,0,TRUE,0,0,0,0,0,0,3,1,0,0,0,0,0,0,0,0,0,0,3
N#Cc1ccc(C2CCC(c3ccc(N)c(F)c3)=NC2)cc1,3.043250604,3.64628,0.859062864,22,293.1328257,1,3,0,TRUE,0,0,0,0,0,0,3,1,0,0,0,0,0,0,0,0,0,0,3
CC(=O)Nc1ccc(-c2ccc3c(C#N)cccc3c2)cc1,1.856848632,4.33688,0.761637571,22,286.1106131,1,2,0,TRUE,0,0,0,0,0,0,3,1,0,0,0,0,0,0,0,0,0,0,3
Cc1cc(-c2ccc(N)cc2)c2cc(Cl)ccc2[n+]1[O-],2.534332279,3.68422,0.4208783,20,284.0716407,1,2,0,TRUE,0,0,0,0,0,0,3,1,0,0,0,0,0,0,0,0,0,0,3
O=C(Nc1ccccc1[N+](=O)[O-])c1ccc2ccccc2c1,1.654916764,4.0003,0.585462355,22,292.0847922,1,3,0,TRUE,0,0,0,0,0,0,3,1,0,0,0,0,0,0,0,0,0,0,3
NC(=O)c1cccc(-c2cc(Cl)cc(-c3cnoc3)c2)c1,2.366725159,3.7609,0.800101526,21,298.0509053,1,3,0,TRUE,0,0,0,0,1,0.333333333,2,0.666666667,0,0,0,0,0,0,0,0,0,0,3
CC1(C#N)c2ccccc2C(=O)N1c1ccc(C(=O)O)cc1,2.884599694,2.78398,0.922363213,22,292.0847922,1,3,0,TRUE,0,0,0,0,1,0.333333333,2,0.666666667,0,0,0,0,0,0,0,0,0,0,3
Cc1c(C#N)c(C(N)=O)cc2cc(-c3ccccc3)ccc12,2.16837497,3.7858,0.778500171,22,286.1106131,1,2,0,TRUE,0,0,0,0,0,0,3,1,0,0,0,0,0,0,0,0,0,0,3
Cc1cc2c(cc1[N+](=O)[O-])CC(C)c1ccccc1C(=O)N2,2.901185571,3.81512,0.642038303,22,296.1160924,1,3,0,TRUE,0,0,0,0,0,0,2,0.666666667,0,0,1,0.333333333,0,0,0,0,0,0,3
Cc1ccnc2c(Cl)cc(-c3ccc(N)cc3C#N)cc12,2.376782082,4.3175,0.679710588,21,293.0719751,1,3,0,TRUE,0,0,0,0,0,0,3,1,0,0,0,0,0,0,0,0,0,0,3
Cc1cc(-c2ccc(O)c(C#N)c2)nc2c(Cl)cccc12,2.260655094,4.4409,0.721537747,21,294.0559907,1,3,0,TRUE,0,0,0,0,0,0,3,1,0,0,0,0,0,0,0,0,0,0,3
CS(=O)(=O)c1cc(-c2cccc3ccccc23)ccc1N,1.943474911,3.4925,0.736499225,21,297.0823497,1,3,0,TRUE,0,0,0,0,0,0,3,1,0,0,0,0,0,0,0,0,0,0,3
Cc1cc(C#N)nc2ccc(NC(=O)c3ccccc3)cc12,1.974481599,3.6672,0.78171255,22,287.105862,1,3,0,TRUE,0,0,0,0,0,0,3,1,0,0,0,0,0,0,0,0,0,0,3
Cc1cc(-c2[nH]c3cc(C#N)ccc3c2C#N)cnc1C(F)F,2.905793379,4.21928,0.769707614,23,308.0873528,1,3,0,TRUE,0,0,0,0,1,0.333333333,2,0.666666667,0,0,0,0,0,0,0,0,0,0,3
CC(=O)Nc1ccc(-c2ccc3nc(C#N)ccc3c2)cc1,2.003558522,3.73188,0.78057225,22,287.105862,1,3,0,TRUE,0,0,0,0,0,0,3,1,0,0,0,0,0,0,0,0,0,0,3
Cc1ccc(-c2cc(Cl)cc(C#N)c2)cc1C(=O)O,2.026843618,3.8853,0.901345626,19,271.0400062,1,2,0,TRUE,0,0,0,0,0,0,2,1,0,0,0,0,0,0,0,0,0,0,2
CS(=O)(=O)c1ccc(-c2ccc(N)cc2)c2ccccc12,1.890319761,3.4925,0.736499225,21,297.0823497,1,3,0,TRUE,0,0,0,0,0,0,3,1,0,0,0,0,0,0,0,0,0,0,3
N#C/C=C1\CC(=O)c2ccc(NC(=O)c3ccccc3)cc21,2.400879401,3.43228,0.860529531,22,288.0898776,1,3,0,TRUE,0,0,0,0,1,0.333333333,2,0.666666667,0,0,0,0,0,0,0,0,0,0,3
O=C(Nc1cccc([N+](=O)[O-])c1)c1cccc2ccccc12,1.659587093,4.0003,0.585462355,22,292.0847922,1,3,0,TRUE,0,0,0,0,0,0,3,1,0,0,0,0,0,0,0,0,0,0,3
O=C(Nc1ccc([N+](=O)[O-])c(C(F)(F)F)c1)c1ccccc1,1.828336434,3.8659,0.690725646,22,310.0565268,1,3,0,TRUE,0,0,0,0,0,0,2,1,0,0,0,0,0,0,0,0,0,0,2
Cc1nc(C(N)=O)ccc1-c1ccnc2ccc(Cl)cc12,2.226994859,3.35752,0.788307318,21,297.0668897,1,3,0,TRUE,0,0,0,0,0,0,3,1,0,0,0,0,0,0,0,0,0,0,3
CCc1c(N)c(-c2ccccc2)cc2cc(C#N)ccc2c1=O,2.306309004,3.88328,0.780553771,23,300.1262631,1,3,0,TRUE,0,0,0,0,0,0,2,0.666666667,1,0.333333333,0,0,0,0,0,0,0,0,3
CC(=O)Nc1cccc(O[C@@H]2CCc3ccc(C#N)cc32)c1,2.677123131,3.58298,0.940078225,22,292.1211778,1,3,0,TRUE,0,0,0,0,1,0.333333333,2,0.666666667,0,0,0,0,0,0,0,0,0,0,3
N#Cc1cc(-c2ccc(N)c(C(=O)N3CCC3)c2)ccc1Cl,2.137730671,3.30678,0.86497608,22,311.0825397,1,3,0,TRUE,0,0,1,0.333333333,0,0,2,0.666666667,0,0,0,0,0,0,0,0,0,0,3
O=C(CC1CC1)Nc1ccc2c(c1)oc(=O)c1ccccc12,1.976523357,3.6848,0.591618064,22,293.1051933,1,3,0,TRUE,1,0.25,0,0,0,0,3,0.75,0,0,0,0,0,0,0,0,0,0,4
N#Cc1cccc(-c2cccc(-c3ccc(C(N)=O)cc3)c2)c1,1.791485927,3.99118,0.794033821,23,298.1106131,1,2,0,TRUE,0,0,0,0,0,0,3,1,0,0,0,0,0,0,0,0,0,0,3
CC(C)(C)Sc1cc(C#N)cc(-c2cccc(C(N)=O)c2)c1,2.421745665,4.21478,0.863273807,22,310.1139842,1,3,0,TRUE,0,0,0,0,0,0,2,1,0,0,0,0,0,0,0,0,0,0,2
Cc1cccc2c(N)c(C#N)c(-c3ccccc3)c(=O)c-2c1,2.265016657,3.5809,0.695163179,22,286.1106131,1,3,0,TRUE,0,0,0,0,0,0,2,0.666666667,1,0.333333333,0,0,0,0,0,0,0,0,3
CCC(=O)Nc1ccc2c(c1)CCC(=O)c1cc(C#N)ccc1-2,2.234850069,3.70268,0.91923104,23,304.1211778,1,3,0,TRUE,0,0,0,0,0,0,2,0.666666667,1,0.333333333,0,0,0,0,0,0,0,0,3
N#Cc1ccc2occ(-c3cccc(NC(=O)C4CC4)c3)c2c1,2.140180332,4.31998,0.783169722,23,302.1055277,1,3,0,TRUE,1,0.25,0,0,1,0.25,2,0.5,0,0,0,0,0,0,0,0,0,0,4
Cc1cc(-c2ccc3c(c2)CCCC3=O)cc(C#N)c1N,2.429235537,3.6349,0.808553501,21,276.1262631,1,3,0,TRUE,0,0,0,0,0,0,3,1,0,0,0,0,0,0,0,0,0,0,3
N#Cc1ccc(-c2ccc(-c3ccc(N)cc3)c[n+]2[O-])cc1,2.43902006,3.10788,0.446714385,22,287.105862,1,3,0,TRUE,0,0,0,0,0,0,3,1,0,0,0,0,0,0,0,0,0,0,3
Cc1c(C(N)=O)c(-c2ccccc2)cc2ccc(C#N)cc12,2.142813183,3.7858,0.778500171,22,286.1106131,1,2,0,TRUE,0,0,0,0,0,0,3,1,0,0,0,0,0,0,0,0,0,0,3
CNC(=O)c1ccc(-c2cccc(C#N)c2)c2ccccc12,1.927907973,3.73808,0.779906689,22,286.1106131,1,2,0,TRUE,0,0,0,0,0,0,3,1,0,0,0,0,0,0,0,0,0,0,3
N#Cc1c(-c2ccccc2)cc(C(N)=O)cc1-c1ccccc1,1.889457955,3.99118,0.794033821,23,298.1106131,1,2,0,TRUE,0,0,0,0,0,0,3,1,0,0,0,0,0,0,0,0,0,0,3
NC(=O)c1cc(-c2cccc(Cl)c2)cc(-c2cnco2)c1,2.257760544,3.7609,0.800101526,21,298.0509053,1,3,0,TRUE,0,0,0,0,1,0.333333333,2,0.666666667,0,0,0,0,0,0,0,0,0,0,3
CC(=O)Nc1ccc(-c2cc3ccccc3cc2C#N)cc1,1.873103577,4.33688,0.761637571,22,286.1106131,1,2,0,TRUE,0,0,0,0,0,0,3,1,0,0,0,0,0,0,0,0,0,0,3
N#Cc1cc(F)cc(Oc2cc(C(N)=O)cc3ccccc23)c1,2.187278945,3.74178,0.800436108,23,306.0804558,1,3,0,TRUE,0,0,0,0,0,0,3,1,0,0,0,0,0,0,0,0,0,0,3
N#CC1(c2cc(-c3ccc(N)cc3)c3ccccc3n2)CC1,2.441404676,4.03918,0.722688409,22,285.1265975,1,3,0,TRUE,1,0.25,0,0,0,0,3,0.75,0,0,0,0,0,0,0,0,0,0,4
COC(=O)c1ccc(-c2[nH]c3ccccc3c2C#N)c(Cl)c1,2.197445193,4.14658,0.723124695,22,310.0509053,1,3,0,TRUE,0,0,0,0,1,0.333333333,2,0.666666667,0,0,0,0,0,0,0,0,0,0,3
NC(=S)c1ccc(-c2ccc([N+](=O)[O-])c3ccccc23)cc1,1.959072489,4.0492,0.450043755,22,308.0619486,1,3,0,TRUE,0,0,0,0,0,0,3,1,0,0,0,0,0,0,0,0,0,0,3
Cc1cc(NC(=O)c2ccc(C#N)cc2)oc1-c1ccccc1,2.245455158,4.379,0.780444424,23,302.1055277,1,3,0,TRUE,0,0,0,0,1,0.333333333,2,0.666666667,0,0,0,0,0,0,0,0,0,0,3
Cc1csc2c(-c3ccc(C(N)=O)cc3)c(C#N)ccc12,2.428294468,3.8473,0.779242753,21,292.067034,1,3,0,TRUE,0,0,0,0,1,0.333333333,2,0.666666667,0,0,0,0,0,0,0,0,0,0,3
Cc1cc(C#N)c2cc(NC(=O)c3ccccc3)ccc2n1,1.926967313,3.6672,0.78171255,22,287.105862,1,3,0,TRUE,0,0,0,0,0,0,3,1,0,0,0,0,0,0,0,0,0,0,3
CC1(CF)c2cc([N+](=O)[O-])ccc2NC(=O)c2ccccc21,3.058895533,3.436,0.681821731,22,300.0910205,1,3,0,TRUE,0,0,0,0,0,0,2,0.666666667,1,0.333333333,0,0,0,0,0,0,0,0,3
CC(=O)Nc1cccc(-c2ccc3ccc(C#N)nc3c2)c1,2.083453028,3.73188,0.78057225,22,287.105862,1,3,0,TRUE,0,0,0,0,0,0,3,1,0,0,0,0,0,0,0,0,0,0,3
N#Cc1cc(-c2ccc(C(=O)C(F)(F)F)cc2)ccc1N,2.232203944,3.55248,0.679017806,21,290.0666976,1,3,0,TRUE,0,0,0,0,0,0,2,1,0,0,0,0,0,0,0,0,0,0,2
Cc1cccc(C(=O)Nc2cnc3cccc(C#N)c3c2)c1,1.981642039,3.6672,0.78171255,22,287.105862,1,3,0,TRUE,0,0,0,0,0,0,3,1,0,0,0,0,0,0,0,0,0,0,3
N#Cc1cc(-c2ccc(C(N)=O)cc2)ccc1-c1ccccc1,1.797840472,3.99118,0.794033821,23,298.1106131,1,2,0,TRUE,0,0,0,0,0,0,3,1,0,0,0,0,0,0,0,0,0,0,3
CC(C)(C)C(=O)c1ccc(-c2ccc(N)[n+]([O-])c2)cc1Cl,2.82726917,3.4514,0.52459433,21,304.0978555,1,3,0,TRUE,0,0,0,0,0,0,2,1,0,0,0,0,0,0,0,0,0,0,2
COC(=O)c1[nH]c2cccc(-c3ccccc3)c2c1C#N,2.243515159,3.49318,0.728433068,21,276.0898776,1,3,0,TRUE,0,0,0,0,1,0.333333333,2,0.666666667,0,0,0,0,0,0,0,0,0,0,3
Cc1c(-c2ccc3c(c2)CCC(=O)N3)ccc([N+](=O)[O-])c1F,2.479163206,3.59402,0.680101018,22,300.0910205,1,3,0,TRUE,0,0,0,0,0,0,3,1,0,0,0,0,0,0,0,0,0,0,3
N#CC(=O)C1CCCCc2cc(-c3ccc(N)cc3)ccc21,2.858736318,3.83848,0.518884803,22,290.1419132,1,3,0,TRUE,0,0,0,0,0,0,2,0.666666667,1,0.333333333,0,0,0,0,0,0,0,0,3
CC(=O)Nc1ccc2ccc(-c3ccc(C#N)cc3)cc2n1,2.007892588,3.73188,0.78057225,22,287.105862,1,3,0,TRUE,0,0,0,0,0,0,3,1,0,0,0,0,0,0,0,0,0,0,3
CC(C)c1ccc2c(=O)c3ccc(C#N)cc3c(=O)[nH]c2c1,2.300631806,3.03658,0.748232684,22,290.1055277,1,3,0,TRUE,0,0,0,0,0,0,2,0.666666667,1,0.333333333,0,0,0,0,0,0,0,0,3
CC1CC(=O)Nc2cc(Oc3ccc(C#N)cc3)ccc21,2.707280538,3.79628,0.908475412,21,278.1055277,1,3,0,TRUE,0,0,0,0,0,0,3,1,0,0,0,0,0,0,0,0,0,0,3
N#Cc1cc(F)cc(Oc2ccc(C(N)=O)c3ccccc23)c1,2.146285808,3.74178,0.800436108,23,306.0804558,1,3,0,TRUE,0,0,0,0,0,0,3,1,0,0,0,0,0,0,0,0,0,0,3
CC(=O)c1cc2c(cc1C)NC(=O)c1ccc(C#N)cc1C2,2.509599776,3.2258,0.819660516,22,290.1055277,1,3,0,TRUE,0,0,0,0,0,0,2,0.666666667,1,0.333333333,0,0,0,0,0,0,0,0,3
N#Cc1ccc(-c2ccc(-c3ccc(C(N)=O)cc3)cc2)s1,2.040455225,4.05268,0.792768339,22,304.067034,1,3,0,TRUE,0,0,0,0,1,0.333333333,2,0.666666667,0,0,0,0,0,0,0,0,0,0,3
Cc1cc(C(=O)Nc2ccc(C#N)nc2)cc2ccccc12,2.061945335,3.6672,0.78171255,22,287.105862,1,3,0,TRUE,0,0,0,0,0,0,3,1,0,0,0,0,0,0,0,0,0,0,3
Cc1ccc2c(=O)cc(-c3ccc(N)cc3)cc(C#N)c2c1,2.221872489,3.6293,0.694523957,22,286.1106131,1,3,0,TRUE,0,0,0,0,0,0,2,0.666666667,1,0.333333333,0,0,0,0,0,0,0,0,3
Cc1[nH]c2ccccc2c1-c1ccc([N+](=O)[O-])c(Cl)c1,2.145168817,4.70492,0.547880254,20,286.0509053,1,2,0,TRUE,0,0,0,0,1,0.333333333,2,0.666666667,0,0,0,0,0,0,0,0,0,0,3
N#Cc1cc(-c2ccc(F)c(C(=O)C(F)F)c2)ccc1N,2.526395847,3.39438,0.695597441,21,290.0666976,1,3,0,TRUE,0,0,0,0,0,0,2,1,0,0,0,0,0,0,0,0,0,0,2
Cc1cc(C#N)cc2c(-c3ccc(C(N)=O)cc3)cccc12,1.998004747,3.7858,0.778500171,22,286.1106131,1,2,0,TRUE,0,0,0,0,0,0,3,1,0,0,0,0,0,0,0,0,0,0,3
N#Cc1cccc(-c2ccc(NC(=O)C3CCCCC3)cn2)c1,2.001815548,4.13908,0.926442996,23,305.1528122,1,3,0,TRUE,0,0,0,0,0,0,3,1,0,0,0,0,0,0,0,0,0,0,3
N#Cc1ccc(-c2cccc(-c3cccc(C(N)=O)c3)c2)s1,2.156778302,4.05268,0.792768339,22,304.067034,1,3,0,TRUE,0,0,0,0,1,0.333333333,2,0.666666667,0,0,0,0,0,0,0,0,0,0,3
N#CCc1ccc(-c2ccc(N)cc2)c(=O)c2ccccc12,2.208006874,3.51528,0.732895308,22,286.1106131,1,3,0,TRUE,0,0,0,0,0,0,2,0.666666667,1,0.333333333,0,0,0,0,0,0,0,0,3
CC(=O)Nc1ccc2c(=O)cc(-c3ccccc3)oc2c1,1.868720544,3.4184,0.781556395,21,279.0895433,1,3,0,TRUE,0,0,0,0,0,0,3,1,0,0,0,0,0,0,0,0,0,0,3
N#Cc1cc(-c2cccc(C(=O)C(F)(F)F)c2)ccc1N,2.310097062,3.55248,0.679017806,21,290.0666976,1,3,0,TRUE,0,0,0,0,0,0,2,1,0,0,0,0,0,0,0,0,0,0,2
CC(C)(C)c1ccc(-c2ccc(NS(C)(=O)=O)cc2)o1,2.195223488,3.6156,0.939974295,20,293.1085645,1,3,0,TRUE,0,0,0,0,1,0.5,1,0.5,0,0,0,0,0,0,0,0,0,0,2
C=Cc1cc(-c2ccc3c(c2)NC(=O)CC3)ccc1[N+](=O)[O-],2.471346682,3.7895,0.691117593,22,294.1004423,1,3,0,TRUE,0,0,0,0,0,0,3,1,0,0,0,0,0,0,0,0,0,0,3
CC1(c2cc(-c3ccc(C#N)cc3)cc(=O)[nH]2)CCCCO1,3.288672582,3.32928,0.92351553,22,294.1368278,1,3,0,TRUE,0,0,0,0,0,0,3,1,0,0,0,0,0,0,0,0,0,0,3
N#Cc1nc(-c2ccc(NC(=O)C3CC3)cc2)c2ccccc2n1,2.144649526,3.51698,0.801986858,24,314.1167611,1,4,0,TRUE,1,0.25,0,0,0,0,3,0.75,0,0,0,0,0,0,0,0,0,0,4
CC(=O)Nc1cccc(-c2cccc3cc(C#N)ccc23)c1,1.879134346,4.33688,0.761637571,22,286.1106131,1,2,0,TRUE,0,0,0,0,0,0,3,1,0,0,0,0,0,0,0,0,0,0,3
CS(=O)(=O)c1ccc(-c2ccc3ccc(N)cc3c2)cc1,1.841933321,3.4925,0.736499225,21,297.0823497,1,3,0,TRUE,0,0,0,0,0,0,3,1,0,0,0,0,0,0,0,0,0,0,3
O=c1c2cc([N+](=O)[O-])ccc2c2ccccc2n1CC1CC1,2.108727079,3.4729,0.421824204,22,294.1004423,0,4,0,TRUE,1,0.25,0,0,0,0,3,0.75,0,0,0,0,0,0,0,0,0,0,4
C=CC1(NC(C)=O)c2ccccc2-c2cc([N+](=O)[O-])ccc21,3.245278383,3.1409,0.536721316,22,294.1004423,1,3,0,TRUE,0,0,0,0,1,0.333333333,2,0.666666667,0,0,0,0,0,0,0,0,0,0,3
N#Cc1cc(C(N)=O)ccc1-c1ccc(-c2ccccc2)cc1,1.802258654,3.99118,0.794033821,23,298.1106131,1,2,0,TRUE,0,0,0,0,0,0,3,1,0,0,0,0,0,0,0,0,0,0,3
Cc1ccc(C(N)=O)cc1-c1cccc2ccc(Cl)nc12,2.071939057,3.96252,0.727668091,21,296.0716407,1,2,0,TRUE,0,0,0,0,0,0,3,1,0,0,0,0,0,0,0,0,0,0,3
CC(=O)Nc1nccc2ccc(-c3ccc(C#N)cc3)cc12,2.089296984,3.73188,0.78057225,22,287.105862,1,3,0,TRUE,0,0,0,0,0,0,3,1,0,0,0,0,0,0,0,0,0,0,3
CC(=O)Nc1cccc2ccc(-c3cccc(C#N)c3)cc12,1.902787093,4.33688,0.761637571,22,286.1106131,1,2,0,TRUE,0,0,0,0,0,0,3,1,0,0,0,0,0,0,0,0,0,0,3
NC(=O)c1cc(-c2cccc(Cl)c2)ccc1-c1ncco1,2.22022362,3.7609,0.800101526,21,298.0509053,1,3,0,TRUE,0,0,0,0,1,0.333333333,2,0.666666667,0,0,0,0,0,0,0,0,0,0,3
Cc1ccc2ccc(C(N)=O)cc2c1-c1ccc(C#N)cc1,1.998053878,3.7858,0.778500171,22,286.1106131,1,2,0,TRUE,0,0,0,0,0,0,3,1,0,0,0,0,0,0,0,0,0,0,3
CC(=O)Nc1cccc2cc(-c3ccc(C#N)nc3)ccc12,2.11429039,3.73188,0.78057225,22,287.105862,1,3,0,TRUE,0,0,0,0,0,0,3,1,0,0,0,0,0,0,0,0,0,0,3
Cc1ccc(-c2cccc3c(=O)[nH]ccc23)c(F)c1[N+](=O)[O-],2.435799776,3.55082,0.580330775,22,298.0753704,1,3,0,TRUE,0,0,0,0,0,0,3,1,0,0,0,0,0,0,0,0,0,0,3
O=[N+]([O-])c1ccc(-c2cccc(C3CCCCN3)c2)cc1,2.495766616,4.0764,0.681477215,21,282.1368278,1,3,0,TRUE,0,0,0,0,0,0,3,1,0,0,0,0,0,0,0,0,0,0,3
N#Cc1ccc(-c2ccc(C3(C(=O)O)CCCC3)cc2)cc1,2.091962918,4.12168,0.924821804,22,291.1259288,1,2,0,TRUE,0,0,0,0,1,0.333333333,2,0.666666667,0,0,0,0,0,0,0,0,0,0,3
CC(c1ccco1)C1C(=O)Nc2cc(Cl)ccc2C1=O,3.4025205,3.4877,0.861033925,20,289.0505709,1,3,0,TRUE,0,0,0,0,1,0.333333333,2,0.666666667,0,0,0,0,0,0,0,0,0,0,3
N#Cc1ccc(-c2ccccc2)cc1-c1ccc(C(N)=O)cc1,1.81349292,3.99118,0.794033821,23,298.1106131,1,2,0,TRUE,0,0,0,0,0,0,3,1,0,0,0,0,0,0,0,0,0,0,3
N#Cc1cc(NC(=O)c2ccncc2)cc(-c2ccccc2)c1,1.894842643,3.87258,0.797954155,23,299.105862,1,3,0,TRUE,0,0,0,0,0,0,3,1,0,0,0,0,0,0,0,0,0,0,3
Cc1c(Cl)cc(C(N)=O)c2cc(-c3ccccc3)oc12,2.220435026,4.16052,0.768387604,20,285.0556563,1,2,0,TRUE,0,0,0,0,1,0.333333333,2,0.666666667,0,0,0,0,0,0,0,0,0,0,3
CC(=O)Nc1cccc(-c2ccnc3ccc(C#N)cc23)c1,2.01922006,3.73188,0.78057225,22,287.105862,1,3,0,TRUE,0,0,0,0,0,0,3,1,0,0,0,0,0,0,0,0,0,0,3
N#Cc1cc(C(=O)N2CCCC[C@H]2c2ccccc2)ccc1N,2.516795291,3.50788,0.863119514,23,305.1528122,1,3,0,TRUE,0,0,0,0,0,0,3,1,0,0,0,0,0,0,0,0,0,0,3
CS(=O)(=O)c1cc(-c2ccc3ccccc3c2)ccc1N,1.944153138,3.4925,0.736499225,21,297.0823497,1,3,0,TRUE,0,0,0,0,0,0,3,1,0,0,0,0,0,0,0,0,0,0,3
Cc1cc(C(N)=O)cc2oc(-c3ccc(Cl)cc3)cc12,2.021982554,4.16052,0.768387604,20,285.0556563,1,2,0,TRUE,0,0,0,0,1,0.333333333,2,0.666666667,0,0,0,0,0,0,0,0,0,0,3
N#Cc1c(-c2ccccc2)cccc1-c1ccc(C(N)=O)cc1,1.844623689,3.99118,0.794033821,23,298.1106131,1,2,0,TRUE,0,0,0,0,0,0,3,1,0,0,0,0,0,0,0,0,0,0,3
N#Cc1cccc(-c2ccc(-c3cccc(C(N)=O)c3)cc2)c1,1.78892229,3.99118,0.794033821,23,298.1106131,1,2,0,TRUE,0,0,0,0,0,0,3,1,0,0,0,0,0,0,0,0,0,0,3
N#CC(=O)c1cc(-c2cc(F)cc3ccccc23)ccc1N,2.335194325,3.93438,0.441450985,22,290.0855412,1,3,0,TRUE,0,0,0,0,0,0,3,1,0,0,0,0,0,0,0,0,0,0,3
Cc1noc2cc(-c3cc(Cl)cc(C(N)=O)c3)ccc12,2.245278982,3.55552,0.782938345,20,286.0509053,1,3,0,TRUE,0,0,0,0,1,0.333333333,2,0.666666667,0,0,0,0,0,0,0,0,0,0,3
Cc1ccc(C(=O)Nc2ccc3cc(C#N)ccc3c2)cc1,1.708609071,4.2722,0.764393822,22,286.1106131,1,2,0,TRUE,0,0,0,0,0,0,3,1,0,0,0,0,0,0,0,0,0,0,3
CC(C)(C)S(=O)(=O)c1ccc(-c2ccc(N)cc2)cc1C#N,2.364259211,3.37968,0.861203965,22,314.1088988,1,4,0,TRUE,0,0,0,0,0,0,2,1,0,0,0,0,0,0,0,0,0,0,2
N#CCc1cc(F)cc(-c2cc(Cl)ccc2C(=O)O)c1,2.189048942,3.91038,0.931586318,20,289.0305844,1,2,0,TRUE,0,0,0,0,0,0,2,1,0,0,0,0,0,0,0,0,0,0,2
CC1CCC(=O)Nc2cc(-c3ccc([N+](=O)[O-])cc3)ccc21,2.663369604,4.0976,0.669565608,22,296.1160924,1,3,0,TRUE,0,0,0,0,0,0,2,0.666666667,1,0.333333333,0,0,0,0,0,0,0,0,3
COc1ccc(-c2c(C#N)ccc3cc(C#N)ccc23)cc1,2.088784896,4.25876,0.706155475,22,284.094963,0,3,0,TRUE,0,0,0,0,0,0,3,1,0,0,0,0,0,0,0,0,0,0,3
N#Cc1ccc(-c2ccc(NC(=O)C3CCCCC3)o2)cc1,2.273467348,4.33708,0.915422505,22,294.1368278,1,3,0,TRUE,0,0,0,0,1,0.333333333,2,0.666666667,0,0,0,0,0,0,0,0,0,0,3
NC(=O)c1ccc(-c2cocn2)c(-c2ccc(Cl)cc2)c1,2.296398236,3.7609,0.800101526,21,298.0509053,1,3,0,TRUE,0,0,0,0,1,0.333333333,2,0.666666667,0,0,0,0,0,0,0,0,0,0,3
NC(=O)c1cccc(-c2cc(Oc3ccccc3)ccn2)c1,1.818813742,3.6398,0.797413884,22,290.1055277,1,3,0,TRUE,0,0,0,0,0,0,3,1,0,0,0,0,0,0,0,0,0,0,3
CC1c2c(cccc2[N+](=O)[O-])NC(=O)C1C1CCCCC1,3.280664967,3.8469,0.663334971,21,288.1473925,1,3,0,TRUE,0,0,0,0,0,0,3,1,0,0,0,0,0,0,0,0,0,0,3
O=C(Nc1ccc2ccccc2c1[N+](=O)[O-])c1ccccc1,1.781255225,4.0003,0.585462355,22,292.0847922,1,3,0,TRUE,0,0,0,0,0,0,3,1,0,0,0,0,0,0,0,0,0,0,3
Cc1cc(-c2csc3cc(C#N)ccc23)ccc1C(N)=O,2.313840752,3.8473,0.779242753,21,292.067034,1,3,0,TRUE,0,0,0,0,1,0.333333333,2,0.666666667,0,0,0,0,0,0,0,0,0,0,3
N#Cc1ccccc1-c1ccc(-c2ccc(C(N)=O)cc2)cc1,1.740764948,3.99118,0.794033821,23,298.1106131,1,2,0,TRUE,0,0,0,0,0,0,3,1,0,0,0,0,0,0,0,0,0,0,3
C#CC1(C)c2cc([N+](=O)[O-])ccc2NC(=O)c2ccccc21,3.206136895,3.0997,0.498448063,22,292.0847922,1,3,0,TRUE,0,0,0,0,0,0,2,0.666666667,1,0.333333333,0,0,0,0,0,0,0,0,3
CC(=O)Nc1ccc2c(c1)N(C1CCCC1)C(C#N)CC2=O,3.102888959,2.87258,0.91061561,22,297.1477268,1,4,0,TRUE,0,0,0,0,1,0.333333333,2,0.666666667,0,0,0,0,0,0,0,0,0,0,3
N#Cc1ccccc1-c1ccc(-c2cccc(C(N)=O)c2)cc1,1.792774039,3.99118,0.794033821,23,298.1106131,1,2,0,TRUE,0,0,0,0,0,0,3,1,0,0,0,0,0,0,0,0,0,0,3
N#Cc1c(C(N)=O)sc(C(F)(F)F)c1-c1ccccc1,2.668505539,3.40448,0.922469196,20,296.0231185,1,3,0,TRUE,0,0,0,0,1,0.5,1,0.5,0,0,0,0,0,0,0,0,0,0,2
C=S(=O)(c1cc(C#N)ccc1-c1ccc(N)cc1)C1CC1,3.068505843,3.04518,0.698981154,21,296.0983341,1,3,0,TRUE,1,0.333333333,0,0,0,0,2,0.666666667,0,0,0,0,0,0,0,0,0,0,3
O=S(=O)(O)c1cccc2cc(-c3ccccc3)ccc12,1.720120654,3.7535,0.729025742,20,284.0507152,1,2,0,TRUE,0,0,0,0,0,0,3,1,0,0,0,0,0,0,0,0,0,0,3
Cc1cc(C#N)c(Cl)cc1-c1ccc2c(n1)CCC2N,3.150248262,3.5281,0.870683291,20,283.0876251,1,3,0,TRUE,0,0,0,0,1,0.333333333,2,0.666666667,0,0,0,0,0,0,0,0,0,0,3
NC(=O)c1cccc(-c2ccc3nc(C4CCC4)oc3c2)c1,2.134083797,3.8612,0.796509039,22,292.1211778,1,3,0,TRUE,0,0,1,0.25,1,0.25,2,0.5,0,0,0,0,0,0,0,0,0,0,4
N#Cc1ccc(-c2cccc(-c3ccc(C(N)=O)cc3)c2)cc1,1.743538374,3.99118,0.794033821,23,298.1106131,1,2,0,TRUE,0,0,0,0,0,0,3,1,0,0,0,0,0,0,0,0,0,0,3
CCc1cc2c(-c3cc(C#N)ccc3Cl)c[nH]c2c(=O)o1,2.78698495,3.87558,0.780320369,21,298.0509053,1,3,0,TRUE,0,0,0,0,1,0.333333333,2,0.666666667,0,0,0,0,0,0,0,0,0,0,3
N#Cc1ccc(-c2cc(C(N)=O)ccc2SC2CC2)cc1,2.327351313,3.57868,0.936831779,21,294.0826841,1,3,0,TRUE,1,0.333333333,0,0,0,0,2,0.666666667,0,0,0,0,0,0,0,0,0,0,3
Cc1ccc(-c2c(C3CC3)nc3[nH]ccc3c(=O)c2C#N)cc1,2.670816459,3.6476,0.78516109,23,301.1215121,1,3,0,TRUE,1,0.25,0,0,1,0.25,1,0.25,1,0.25,0,0,0,0,0,0,0,0,4
Nc1cccc(-c2cc(Cl)c(-c3ccncc3)[n+]([O-])c2)c1,2.685149774,3.2846,0.448281044,21,297.0668897,1,3,0,TRUE,0,0,0,0,0,0,3,1,0,0,0,0,0,0,0,0,0,0,3
Cc1c(Cl)ccc2[nH]c(=O)c3ccc([N+](=O)[O-])cc3c12,2.254818173,3.55132,0.42247297,20,288.0301698,1,3,0,TRUE,0,0,0,0,0,0,3,1,0,0,0,0,0,0,0,0,0,0,3
Cc1onc(C(N)=O)c1-c1ccc2c(c1)CCCCCC2,2.338785928,3.40792,0.91838248,21,284.1524779,1,3,0,TRUE,0,0,0,0,1,0.333333333,1,0.333333333,0,0,1,0.333333333,0,0,0,0,0,0,3
Cc1ccc(-c2cc(-c3c[nH]c4ccccc34)ncn2)cn1,2.240086434,3.99532,0.605781033,22,286.1218464,1,3,0,TRUE,0,0,0,0,1,0.25,3,0.75,0,0,0,0,0,0,0,0,0,0,4
NS(=O)(=O)c1ccc(-c2coc3ccc(Cl)cc23)cc1,2.001052609,3.4006,0.788230524,20,307.0069919,1,3,0,TRUE,0,0,0,0,1,0.333333333,2,0.666666667,0,0,0,0,0,0,0,0,0,0,3
N#Cc1cc(C(=O)N2CCCC2)cc(-c2ccc(N)cc2)c1,2.022901379,3.04348,0.864476985,22,291.1371622,1,3,0,TRUE,0,0,0,0,1,0.333333333,2,0.666666667,0,0,0,0,0,0,0,0,0,0,3
CC(C)(C)C1CCC(NC(=O)c2ccc([N+](=O)[O-])cc2)CC1,2.001879511,3.9295,0.678985492,22,304.1786926,1,3,0,TRUE,0,0,0,0,0,0,2,1,0,0,0,0,0,0,0,0,0,0,2
N#Cc1ccc(-c2ccc(-c3ccccc3)cc2)cc1C(N)=O,1.848458654,3.99118,0.794033821,23,298.1106131,1,2,0,TRUE,0,0,0,0,0,0,3,1,0,0,0,0,0,0,0,0,0,0,3
N#Cc1cc(C(N)=O)ccc1-c1ccc(-c2ccncc2)cc1,2.004670542,3.38618,0.804654088,23,299.105862,1,3,0,TRUE,0,0,0,0,0,0,3,1,0,0,0,0,0,0,0,0,0,0,3
N#Cc1cccc(-c2ccc3cccc(CC(N)=O)c3c2)c1,2.010956324,3.40628,0.801395349,22,286.1106131,1,2,0,TRUE,0,0,0,0,0,0,3,1,0,0,0,0,0,0,0,0,0,0,3
Cc1nc(Cl)cc(-c2cccc3ccc(C(N)=O)cc23)n1,2.167613633,3.35752,0.737430248,21,297.0668897,1,3,0,TRUE,0,0,0,0,0,0,3,1,0,0,0,0,0,0,0,0,0,0,3
O=C(Nc1ccc([N+](=O)[O-])c2ccccc12)c1ccccc1,1.680085995,4.0003,0.585462355,22,292.0847922,1,3,0,TRUE,0,0,0,0,0,0,3,1,0,0,0,0,0,0,0,0,0,0,3
Cc1ccc2c(-c3cc(Cl)cc(C#N)c3)cc(=O)[nH]c2c1,2.298994859,4.0286,0.736459337,21,294.0559907,1,2,0,TRUE,0,0,0,0,0,0,3,1,0,0,0,0,0,0,0,0,0,0,3
O=[N+]([O-])c1ccc(-c2ccc(C3CCCCN3)cc2)cc1,2.428626389,4.0764,0.681477215,21,282.1368278,1,3,0,TRUE,0,0,0,0,0,0,3,1,0,0,0,0,0,0,0,0,0,0,3
N#Cc1ccc(-c2ccc(-c3ccc(C(N)=O)cc3)cc2)cc1,1.688965647,3.99118,0.794033821,23,298.1106131,1,2,0,TRUE,0,0,0,0,0,0,3,1,0,0,0,0,0,0,0,0,0,0,3
N#Cc1cc(-c2ccccc2)ccc1-c1ccc(C(N)=O)cc1,1.797840472,3.99118,0.794033821,23,298.1106131,1,2,0,TRUE,0,0,0,0,0,0,3,1,0,0,0,0,0,0,0,0,0,0,3
N#Cc1ccc(-c2ccc(NC(=O)c3ccccc3)cc2)o1,1.925394511,4.07058,0.789588987,22,288.0898776,1,3,0,TRUE,0,0,0,0,1,0.333333333,2,0.666666667,0,0,0,0,0,0,0,0,0,0,3
N#Cc1ccc(-c2cccc(-c3cccc(C(N)=O)c3)c2)cc1,1.795547465,3.99118,0.794033821,23,298.1106131,1,2,0,TRUE,0,0,0,0,0,0,3,1,0,0,0,0,0,0,0,0,0,0,3
Cc1nncc2cc(-c3cccc(C(N)=O)c3)cc(Cl)c12,2.373423803,3.35752,0.788307318,21,297.0668897,1,3,0,TRUE,0,0,0,0,0,0,3,1,0,0,0,0,0,0,0,0,0,0,3
CC(=O)Nc1ccc(-c2cnc3ccc(C#N)cc3c2)cc1,1.962195885,3.73188,0.78057225,22,287.105862,1,3,0,TRUE,0,0,0,0,0,0,3,1,0,0,0,0,0,0,0,0,0,0,3
N#Cc1cccc(-c2cncc(NC(=O)c3ccccc3)c2)c1,1.863632999,3.87258,0.797954155,23,299.105862,1,3,0,TRUE,0,0,0,0,0,0,3,1,0,0,0,0,0,0,0,0,0,0,3
Cc1cc(-c2cccc3ccccc23)cc(C(N)=O)c1C#N,2.128926831,3.7858,0.778500171,22,286.1106131,1,2,0,TRUE,0,0,0,0,0,0,3,1,0,0,0,0,0,0,0,0,0,0,3
N#Cc1cc(-c2ccc(NC(=O)c3ccccc3)cc2)ccn1,1.815097063,3.87258,0.797954155,23,299.105862,1,3,0,TRUE,0,0,0,0,0,0,3,1,0,0,0,0,0,0,0,0,0,0,3
N#Cc1cc2c(-c3ccc(C(N)=O)c(Cl)c3)cccn2c1,2.542762264,3.23028,0.788138055,21,295.0512396,1,3,0,TRUE,0,0,0,0,1,0.333333333,2,0.666666667,0,0,0,0,0,0,0,0,0,0,3
NC(=O)c1nc(-c2ccccc2)cc(-c2ccc(F)cc2)n1,1.983457423,3.0486,0.806586853,22,293.0964402,1,3,0,TRUE,0,0,0,0,0,0,3,1,0,0,0,0,0,0,0,0,0,0,3
COC(=O)c1ccc2[nH]c(=O)cc(C3CCCCC3)c2c1,2.165946697,3.3624,0.860631522,21,285.1364935,1,3,0,TRUE,0,0,0,0,0,0,3,1,0,0,0,0,0,0,0,0,0,0,3
Cc1cc(F)cc(-c2cc(=O)[nH]c3cc([N+](=O)[O-])ccc23)c1,2.29713395,3.55082,0.580330775,22,298.0753704,1,3,0,TRUE,0,0,0,0,0,0,3,1,0,0,0,0,0,0,0,0,0,0,3
N#Cc1cccc(-c2ccc(-c3ccc(N)cc3)c(C#N)c2)c1,2.084321591,4.34616,0.714283651,23,295.1109474,1,3,0,TRUE,0,0,0,0,0,0,3,1,0,0,0,0,0,0,0,0,0,0,3
[O-][n+]1c(-c2ccc(Oc3ccccc3)cn2)[nH]c2ccccc21,2.538313529,3.6556,0.463839514,23,303.1007767,1,3,0,TRUE,0,0,0,0,1,0.25,3,0.75,0,0,0,0,0,0,0,0,0,0,4
CC1C(=O)Nc2ccc(Oc3cc(Cl)cc(C#N)c3)cc21,2.854813966,4.05958,0.909118025,21,298.0509053,1,3,0,TRUE,0,0,0,0,1,0.333333333,2,0.666666667,0,0,0,0,0,0,0,0,0,0,3
N#Cc1cc(-c2cccc(-c3ccccc3)c2)cc(C(N)=O)n1,2.158381731,3.38618,0.804654088,23,299.105862,1,3,0,TRUE,0,0,0,0,0,0,3,1,0,0,0,0,0,0,0,0,0,0,3
N#Cc1ccc(-c2ccc(NC(=O)C3CCOC3)cc2)cc1,2.362353592,3.20028,0.944567717,22,292.1211778,1,3,0,TRUE,0,0,0,0,1,0.333333333,2,0.666666667,0,0,0,0,0,0,0,0,0,0,3
N#Cc1ccc(-c2ccc(-c3cccc(C(N)=O)c3)s2)cc1,2.046057423,4.05268,0.792768339,22,304.067034,1,3,0,TRUE,0,0,0,0,1,0.333333333,2,0.666666667,0,0,0,0,0,0,0,0,0,0,3
CC(C)(C)S(=O)(=O)c1ccc(-c2ccc(N)cc2)cc1,1.951710667,3.508,0.86061381,20,289.1136498,1,3,0,TRUE,0,0,0,0,0,0,2,1,0,0,0,0,0,0,0,0,0,0,2
N#Cc1cccc(-c2cc(NC(=O)C3CCCC3)ccn2)c1,2.036680809,3.74898,0.93618709,22,291.1371622,1,3,0,TRUE,0,0,0,0,1,0.333333333,2,0.666666667,0,0,0,0,0,0,0,0,0,0,3
N#CC(=O)c1cc(F)c(-c2ccc3ccccc3c2)cc1N,2.337930057,3.93438,0.441450985,22,290.0855412,1,3,0,TRUE,0,0,0,0,0,0,3,1,0,0,0,0,0,0,0,0,0,0,3
N#Cc1cc(-c2ccccc2)cc(-c2ccc(N)c(C#N)c2)c1,2.171231381,4.34616,0.714283651,23,295.1109474,1,3,0,TRUE,0,0,0,0,0,0,3,1,0,0,0,0,0,0,0,0,0,0,3
O=C(Nc1ccc2ccccc2c1)c1ccc([N+](=O)[O-])cc1,1.595989291,4.0003,0.585462355,22,292.0847922,1,3,0,TRUE,0,0,0,0,0,0,3,1,0,0,0,0,0,0,0,0,0,0,3
N#Cc1cc(OC2CC2)cc(-c2c[nH]c(=O)c3ccccc23)c1,2.365159353,3.60798,0.803434978,23,302.1055277,1,3,0,TRUE,1,0.25,0,0,0,0,3,0.75,0,0,0,0,0,0,0,0,0,0,4
CC1(c2ccc([N+](=O)[O-])cc2N)CCCc2ccccc21,2.95016703,3.8193,0.516908715,21,282.1368278,1,3,0,TRUE,0,0,0,0,0,0,3,1,0,0,0,0,0,0,0,0,0,0,3
N#Cc1cn(C2CCCCC2)cc1-c1cccc(C(N)=O)c1,2.468543137,3.63088,0.938136013,22,293.1528122,1,3,0,TRUE,0,0,0,0,1,0.333333333,2,0.666666667,0,0,0,0,0,0,0,0,0,0,3
N#Cc1ccnc(-c2cccc(-c3ccc(C(N)=O)cc3)c2)c1,1.984046067,3.38618,0.804654088,23,299.105862,1,3,0,TRUE,0,0,0,0,0,0,3,1,0,0,0,0,0,0,0,0,0,0,3
N#Cc1cc(C(N)=O)cnc1-c1cccc(-c2ccccc2)c1,2.077350262,3.38618,0.804654088,23,299.105862,1,3,0,TRUE,0,0,0,0,0,0,3,1,0,0,0,0,0,0,0,0,0,0,3
CC(C)(C)C1CCC(NC(=O)c2cccc([N+](=O)[O-])c2)CC1,2.045711819,3.9295,0.678985492,22,304.1786926,1,3,0,TRUE,0,0,0,0,0,0,2,1,0,0,0,0,0,0,0,0,0,0,2
N#Cc1ccc(-c2ccc(-c3ccc(N)cc3)cc2C#N)cc1,2.036374039,4.34616,0.714283651,23,295.1109474,1,3,0,TRUE,0,0,0,0,0,0,3,1,0,0,0,0,0,0,0,0,0,0,3
Cc1cc(C#N)ccc1-c1ccc2nc(C3CC3)[nH]c(=O)c2c1,2.360813856,3.6476,0.78516109,23,301.1215121,1,3,0,TRUE,1,0.25,0,0,0,0,3,0.75,0,0,0,0,0,0,0,0,0,0,4
Cc1noc2cc(-c3ccc(Cl)cc3)cc(C(N)=O)c12,2.24147129,3.55552,0.782938345,20,286.0509053,1,3,0,TRUE,0,0,0,0,1,0.333333333,2,0.666666667,0,0,0,0,0,0,0,0,0,0,3
N#CCC(=O)Nc1cc(-c2cccc(Cl)c2)ccc1C#N,2.168772956,3.73086,0.936909632,21,295.0512396,1,3,0,TRUE,0,0,0,0,0,0,2,1,0,0,0,0,0,0,0,0,0,0,2
N#Cc1ccc2c(c1)c(-c1cccc(C(N)=O)c1)cn2C1CC1,2.285277761,3.61378,0.80224729,23,301.1215121,1,3,0,TRUE,1,0.25,0,0,1,0.25,2,0.5,0,0,0,0,0,0,0,0,0,0,4
CC(=O)c1cc(C#N)c(N)c(-c2cc(F)cc(Cl)c2)c1,2.482249129,3.80258,0.674872061,20,288.0465688,1,3,0,TRUE,0,0,0,0,0,0,2,1,0,0,0,0,0,0,0,0,0,0,2
N#Cc1cc(-c2ccccc2)c(C#N)c(-c2ccc(N)cc2)c1,2.117745367,4.34616,0.714283651,23,295.1109474,1,3,0,TRUE,0,0,0,0,0,0,3,1,0,0,0,0,0,0,0,0,0,0,3
N#Cc1ccc(-c2ccc(-c3ccnc(C(N)=O)c3)cc2)cc1,1.956498514,3.38618,0.804654088,23,299.105862,1,3,0,TRUE,0,0,0,0,0,0,3,1,0,0,0,0,0,0,0,0,0,0,3
N#Cc1ccc(-c2ccc(-c3cccc(C(N)=O)c3)cc2)cc1,1.740974738,3.99118,0.794033821,23,298.1106131,1,2,0,TRUE,0,0,0,0,0,0,3,1,0,0,0,0,0,0,0,0,0,0,3
CC(=O)Nc1ccc(-c2ccc3ccccc3n2)c(C#N)c1,2.000428852,3.73188,0.78057225,22,287.105862,1,3,0,TRUE,0,0,0,0,0,0,3,1,0,0,0,0,0,0,0,0,0,0,3
N#Cc1cc(-c2ccc(N)cc2)cc(-c2ccccc2C#N)c1,2.137054458,4.34616,0.714283651,23,295.1109474,1,3,0,TRUE,0,0,0,0,0,0,3,1,0,0,0,0,0,0,0,0,0,0,3
N#CCC(=O)Nc1ccc(-c2cccc3ccccc23)cc1,1.799061338,4.35898,0.777411841,22,286.1106131,1,2,0,TRUE,0,0,0,0,0,0,3,1,0,0,0,0,0,0,0,0,0,0,3
Cc1csc2cc(-c3cc(C(N)=O)ccc3C#N)ccc12,2.397511417,3.8473,0.779242753,21,292.067034,1,3,0,TRUE,0,0,0,0,1,0.333333333,2,0.666666667,0,0,0,0,0,0,0,0,0,0,3
N#Cc1ccc(-c2ccc(-c3ccc(N)cc3)c(C#N)c2)cc1,2.036374039,4.34616,0.714283651,23,295.1109474,1,3,0,TRUE,0,0,0,0,0,0,3,1,0,0,0,0,0,0,0,0,0,0,3
CC(=O)Nc1ccc(-c2cnc3cc(C#N)ccc3c2)cc1,1.972749731,3.73188,0.78057225,22,287.105862,1,3,0,TRUE,0,0,0,0,0,0,3,1,0,0,0,0,0,0,0,0,0,0,3
Cc1ccc(-c2ccc(NC(=O)c3ccc(C#N)cc3)cc2)o1,1.820128584,4.379,0.780444424,23,302.1055277,1,3,0,TRUE,0,0,0,0,1,0.333333333,2,0.666666667,0,0,0,0,0,0,0,0,0,0,3
NC(=O)c1ccc(-c2ccccc2-c2ccncc2)nc1F,2.186756324,3.0486,0.754530028,22,293.0964402,1,3,0,TRUE,0,0,0,0,0,0,3,1,0,0,0,0,0,0,0,0,0,0,3
N#CCc1cc(-c2ccc(N)c(Cl)c2)c2ccccc2n1,2.30841439,4.20348,0.720125908,21,293.0719751,1,3,0,TRUE,0,0,0,0,0,0,3,1,0,0,0,0,0,0,0,0,0,0,3
N#Cc1ccc(-c2csc(-c3ccc(C(N)=O)cc3)c2)cc1,2.087589291,4.05268,0.792768339,22,304.067034,1,3,0,TRUE,0,0,0,0,1,0.333333333,2,0.666666667,0,0,0,0,0,0,0,0,0,0,3
N#Cc1cc(C(F)(F)F)c(C=O)cc1-c1ccc(N)cc1,2.534514066,3.63878,0.677924053,21,290.0666976,1,3,0,TRUE,0,0,0,0,0,0,2,1,0,0,0,0,0,0,0,0,0,0,2
NC(=O)c1cccc(-c2ccc3oc(C4CCC4)nc3c2)c1,2.112217863,3.8612,0.796509039,22,292.1211778,1,3,0,TRUE,0,0,1,0.25,1,0.25,2,0.5,0,0,0,0,0,0,0,0,0,0,4
N#Cc1ccc(-c2ccc(N)cc2)c(C(=O)C(F)(F)F)c1,2.264985321,3.55248,0.679017806,21,290.0666976,1,3,0,TRUE,0,0,0,0,0,0,2,1,0,0,0,0,0,0,0,0,0,0,2
Nc1cc([N+](=O)[O-])ccc1-c1ccc(C(F)(F)F)cc1,1.994000411,3.8628,0.516225246,20,282.0616122,1,3,0,TRUE,0,0,0,0,0,0,2,1,0,0,0,0,0,0,0,0,0,0,2
N#Cc1ccc(-c2cc(-c3ccc(C(N)=O)cc3)ccn2)cc1,1.911039074,3.38618,0.804654088,23,299.105862,1,3,0,TRUE,0,0,0,0,0,0,3,1,0,0,0,0,0,0,0,0,0,0,3
Cc1oc2cc(Cl)ccc2c1-c1cc(C(N)=O)ccn1,2.329683653,3.55552,0.782938345,20,286.0509053,1,3,0,TRUE,0,0,0,0,1,0.333333333,2,0.666666667,0,0,0,0,0,0,0,0,0,0,3
N#Cc1ccc2occ(-c3ccccc3NC(=O)C3CC3)c2c1,2.185683829,4.31998,0.783169722,23,302.1055277,1,3,0,TRUE,1,0.25,0,0,1,0.25,2,0.5,0,0,0,0,0,0,0,0,0,0,4
N#Cc1cccc(NC(=O)c2oc3ccccc3c2CF)c1,2.244275006,4.02628,0.79280446,22,294.0804558,1,3,0,TRUE,0,0,0,0,1,0.333333333,2,0.666666667,0,0,0,0,0,0,0,0,0,0,3
N#Cc1cc(-c2ccccc2)ccc(=O)c1-c1ccc(N)cc1,2.09377264,3.83468,0.730967081,23,298.1106131,1,3,0,TRUE,0,0,0,0,0,0,2,0.666666667,1,0.333333333,0,0,0,0,0,0,0,0,3
C[C@H]1NC(=O)c2ccc(Oc3cc(Cl)cc(C#N)c3)cc21,2.992738086,3.80838,0.916763977,21,298.0509053,1,3,0,TRUE,0,0,0,0,1,0.333333333,2,0.666666667,0,0,0,0,0,0,0,0,0,0,3
N#Cc1cnccc1-c1ccc(NC(=O)c2ccccc2)cc1,1.820116811,3.87258,0.797954155,23,299.105862,1,3,0,TRUE,0,0,0,0,0,0,3,1,0,0,0,0,0,0,0,0,0,0,3
CC(=O)Nc1ccc2c(-c3ccncc3)ccc(C#N)c2c1,2.119485995,3.73188,0.78057225,22,287.105862,1,3,0,TRUE,0,0,0,0,0,0,3,1,0,0,0,0,0,0,0,0,0,0,3
N#Cc1ccc(-c2cccc(NC(=O)C3CCCCC3)n2)cc1,1.996694538,4.13908,0.926442996,23,305.1528122,1,3,0,TRUE,0,0,0,0,0,0,3,1,0,0,0,0,0,0,0,0,0,0,3
N#Cc1ccc(-c2ccc(C(=O)Nc3ccccc3)cc2)cn1,1.802554928,3.87258,0.797954155,23,299.105862,1,3,0,TRUE,0,0,0,0,0,0,3,1,0,0,0,0,0,0,0,0,0,0,3
NC(=O)c1cccc(-c2ccc(-c3ccccc3)nc2F)n1,2.128257423,3.0486,0.754530028,22,293.0964402,1,3,0,TRUE,0,0,0,0,0,0,3,1,0,0,0,0,0,0,0,0,0,0,3
CC(=O)c1ccc(-c2c[nH]c(=O)c3ccc(C#N)cc23)cc1,2.169033779,3.26938,0.735351386,22,288.0898776,1,3,0,TRUE,0,0,0,0,0,0,3,1,0,0,0,0,0,0,0,0,0,0,3
NC(=O)c1cc(-c2ccoc2)cc(-c2ccccc2Cl)c1,2.174397467,4.3659,0.780329612,21,297.0556563,1,2,0,TRUE,0,0,0,0,1,0.333333333,2,0.666666667,0,0,0,0,0,0,0,0,0,0,3
CNC(=O)c1ccc(-c2ccc3ccc([N+](=O)[O-])cc3c2)cc1,1.854025453,3.7746,0.591031475,23,306.1004423,1,3,0,TRUE,0,0,0,0,0,0,3,1,0,0,0,0,0,0,0,0,0,0,3
Cc1cc(-c2ccc(N)c(C#N)c2)cc(C(F)(F)F)c1C#N,2.556112927,4.00638,0.808750966,22,301.082682,1,3,0,TRUE,0,0,0,0,0,0,2,1,0,0,0,0,0,0,0,0,0,0,2
N#Cc1ccc(-c2ccc(C(=O)C(F)(F)F)cc2)cc1N,2.259424997,3.55248,0.679017806,21,290.0666976,1,3,0,TRUE,0,0,0,0,0,0,2,1,0,0,0,0,0,0,0,0,0,0,2
N#Cc1ncccc1-c1ccc(NC(=O)c2ccccc2)cc1,1.846786156,3.87258,0.797954155,23,299.105862,1,3,0,TRUE,0,0,0,0,0,0,3,1,0,0,0,0,0,0,0,0,0,0,3
CC(=O)c1c[nH]c2c(-c3cccc(C#N)c3)cccc2c1=O,2.270838742,3.26938,0.735351386,22,288.0898776,1,3,0,TRUE,0,0,0,0,0,0,3,1,0,0,0,0,0,0,0,0,0,0,3
N#Cc1cccc(-c2cc(-c3cccc(N)c3)ccc2C#N)c1,2.149415297,4.34616,0.714283651,23,295.1109474,1,3,0,TRUE,0,0,0,0,0,0,3,1,0,0,0,0,0,0,0,0,0,0,3
CC(C)(C)c1ccc(-c2cccc(NC(=O)CC#N)c2)cn1,2.203642903,3.89828,0.932971084,22,293.1528122,1,3,0,TRUE,0,0,0,0,0,0,2,1,0,0,0,0,0,0,0,0,0,0,2
Cc1ccc2nc(C#N)c(NC(=O)c3ccccc3)cc2c1,2.098318962,3.6672,0.78171255,22,287.105862,1,3,0,TRUE,0,0,0,0,0,0,3,1,0,0,0,0,0,0,0,0,0,0,3
CC1(c2ccc(Cl)cc2)C(=O)Nc2cc([N+](=O)[O-])ccc21,2.916873747,3.5063,0.681319015,21,302.0458199,1,3,0,TRUE,0,0,0,0,1,0.333333333,2,0.666666667,0,0,0,0,0,0,0,0,0,0,3
O=C(c1cccc(Cl)c1)c1c([N+](=O)[O-])[nH]c2ccccc12,2.346850922,3.9605,0.451659675,21,300.0301698,1,3,0,TRUE,0,0,0,0,1,0.333333333,2,0.666666667,0,0,0,0,0,0,0,0,0,0,3
Cc1ccc2c(-c3cccc(F)c3)cc(=O)[nH]c2c1[N+](=O)[O-],2.410822222,3.55082,0.580330775,22,298.0753704,1,3,0,TRUE,0,0,0,0,0,0,3,1,0,0,0,0,0,0,0,0,0,0,3
N#Cc1cc(-c2ccccc2)cc(-c2ccc(C(N)=O)cc2)c1,1.840253759,3.99118,0.794033821,23,298.1106131,1,2,0,TRUE,0,0,0,0,0,0,3,1,0,0,0,0,0,0,0,0,0,0,3
CC1C(=O)Nc2ccc([N+](=O)[O-])cc2N1C1CCCCCC1,2.931634369,3.4646,0.515479631,22,303.1582915,1,4,0,TRUE,0,0,0,0,0,0,2,0.666666667,1,0.333333333,0,0,0,0,0,0,0,0,3
CS(=O)(=O)c1ccc2cc(-c3ccc(N)cc3)ccc2c1,1.820467088,3.4925,0.736499225,21,297.0823497,1,3,0,TRUE,0,0,0,0,0,0,3,1,0,0,0,0,0,0,0,0,0,0,3
N#Cc1ccccc1-c1ccnc(NC(=O)C2CCCCC2)c1,2.072046547,4.13908,0.926442996,23,305.1528122,1,3,0,TRUE,0,0,0,0,0,0,3,1,0,0,0,0,0,0,0,0,0,0,3
O=C(Oc1cccc(-c2cc[nH]c(=O)c2)c1)c1ccccc1,1.951860136,3.2611,0.594934991,22,291.0895433,1,3,0,TRUE,0,0,0,0,0,0,3,1,0,0,0,0,0,0,0,0,0,0,3
N#Cc1ccc(-c2ccc(NC(=O)C3CCCCC3)nc2)cc1,1.977479383,4.13908,0.926442996,23,305.1528122,1,3,0,TRUE,0,0,0,0,0,0,3,1,0,0,0,0,0,0,0,0,0,0,3
CS(=O)(=O)Nc1ccc(-c2cc3ccccc3o2)cc1,1.860491504,3.4713,0.802050409,20,287.0616143,1,3,0,TRUE,0,0,0,0,1,0.333333333,2,0.666666667,0,0,0,0,0,0,0,0,0,0,3
N#Cc1csc(-c2ccc(-c3ccc(C(N)=O)cc3)cc2)c1,2.095426654,4.05268,0.792768339,22,304.067034,1,3,0,TRUE,0,0,0,0,1,0.333333333,2,0.666666667,0,0,0,0,0,0,0,0,0,0,3
CS(=O)(=O)c1cc(N)cc2cc(-c3ccccc3)ccc12,1.970409201,3.4925,0.736499225,21,297.0823497,1,3,0,TRUE,0,0,0,0,0,0,3,1,0,0,0,0,0,0,0,0,0,0,3
N#Cc1cc(C(=O)C(F)(F)F)cc(-c2ccc(N)cc2)c1,2.311447669,3.55248,0.679017806,21,290.0666976,1,3,0,TRUE,0,0,0,0,0,0,2,1,0,0,0,0,0,0,0,0,0,0,2
Nc1nccc(-c2cccc(-c3ccc(Cl)cc3)c2)n1,1.830872294,4.0462,0.77092346,20,281.0719751,1,3,0,TRUE,0,0,0,0,0,0,3,1,0,0,0,0,0,0,0,0,0,0,3
CC(=O)Nc1ccc2cccc(-c3ccc(C#N)cc3)c2n1,2.054228852,3.73188,0.78057225,22,287.105862,1,3,0,TRUE,0,0,0,0,0,0,3,1,0,0,0,0,0,0,0,0,0,0,3
O=C(Nc1ccc([N+](=O)[O-])c(Cl)c1)c1ccccc1,1.624176665,3.5005,0.688652302,19,276.0301698,1,3,0,TRUE,0,0,0,0,0,0,2,1,0,0,0,0,0,0,0,0,0,0,2
O=c1cc(-c2cccc(-c3ccc([N+](=O)[O-])cc3)c2)cc[nH]1,2.060648632,3.6171,0.591405785,22,292.0847922,1,3,0,TRUE,0,0,0,0,0,0,3,1,0,0,0,0,0,0,0,0,0,0,3
Nc1ccc(-c2ccc3cc([N+](=O)[O-])ccc3c(=O)c2)cc1,2.079042712,3.3574,0.445525361,22,292.0847922,1,4,0,TRUE,0,0,0,0,0,0,2,0.666666667,1,0.333333333,0,0,0,0,0,0,0,0,3
CS(=O)(=O)Nc1cncc(-c2ccc3ccccc3c2)c1,1.955125159,3.2733,0.807007499,21,298.0775987,1,3,0,TRUE,0,0,0,0,0,0,3,1,0,0,0,0,0,0,0,0,0,0,3
N#Cc1ccc2c(Oc3ccc(C(N)=O)cc3)cccc2c1,1.89431017,3.60268,0.799531051,22,288.0898776,1,3,0,TRUE,0,0,0,0,0,0,3,1,0,0,0,0,0,0,0,0,0,0,3
N#Cc1ccc(NC(=O)C[C@H]2CCc3ccc(C#N)cc32)cc1,2.680404382,3.48856,0.942333743,23,301.1215121,1,3,0,TRUE,0,0,0,0,1,0.333333333,2,0.666666667,0,0,0,0,0,0,0,0,0,0,3
N#Cc1ccccc1-c1ccc(NC(=O)c2ccncc2)cc1,1.800128751,3.87258,0.797954155,23,299.105862,1,3,0,TRUE,0,0,0,0,0,0,3,1,0,0,0,0,0,0,0,0,0,0,3
CC(=O)Nc1ccc2oc(=O)cc(-c3ccccc3)c2c1,1.82775439,3.4184,0.731115027,21,279.0895433,1,3,0,TRUE,0,0,0,0,0,0,3,1,0,0,0,0,0,0,0,0,0,0,3
N#Cc1ccc(-c2cccc(NC(=O)c3ccccc3)c2)cn1,1.852458946,3.87258,0.797954155,23,299.105862,1,3,0,TRUE,0,0,0,0,0,0,3,1,0,0,0,0,0,0,0,0,0,0,3
Cc1cc(C(N)=O)cc2c(-c3ccc(C#N)cc3)cccc12,1.993489114,3.7858,0.778500171,22,286.1106131,1,2,0,TRUE,0,0,0,0,0,0,3,1,0,0,0,0,0,0,0,0,0,0,3
N#Cc1ccc(-c2ccc(NC(=O)C3CCCCC3)nn2)cc1,2.087783631,3.53408,0.940418919,23,306.1480612,1,4,0,TRUE,0,0,0,0,0,0,3,1,0,0,0,0,0,0,0,0,0,0,3
CC(C)(C)c1ccccc1NC(=O)c1ccc([N+](=O)[O-])cc1,1.752831049,4.1446,0.683232564,22,298.1317424,1,3,0,TRUE,0,0,0,0,0,0,2,1,0,0,0,0,0,0,0,0,0,0,2
O=C1Nc2cc(-c3ccc([N+](=O)[O-])cc3)ccc2C1C1CC1,2.721052235,3.7075,0.692511761,22,294.1004423,1,3,0,TRUE,1,0.25,0,0,1,0.25,2,0.5,0,0,0,0,0,0,0,0,0,0,4
NC(=O)c1ccc(-c2ncccc2Oc2ccccc2)cc1,1.788466867,3.6398,0.797413884,22,290.1055277,1,3,0,TRUE,0,0,0,0,0,0,3,1,0,0,0,0,0,0,0,0,0,0,3
N#Cc1ccc(-c2ccc(NC(=O)c3ccncc3)cc2)cc1,1.749102574,3.87258,0.797954155,23,299.105862,1,3,0,TRUE,0,0,0,0,0,0,3,1,0,0,0,0,0,0,0,0,0,0,3
O=C(Nc1ccc([N+](=O)[O-])c2c1CCCC2)c1ccccc1,1.998103577,3.7259,0.692608177,22,296.1160924,1,3,0,TRUE,0,0,0,0,0,0,3,1,0,0,0,0,0,0,0,0,0,0,3
N#Cc1cccc(-c2ccc3c(c2)CCCC3CC(=O)O)c1,2.622151703,4.11988,0.924894579,22,291.1259288,1,2,0,TRUE,0,0,0,0,0,0,3,1,0,0,0,0,0,0,0,0,0,0,3
Cc1cccc(C(=O)Nc2ccc3cccc(C#N)c3c2)c1,1.818982698,4.2722,0.764393822,22,286.1106131,1,2,0,TRUE,0,0,0,0,0,0,3,1,0,0,0,0,0,0,0,0,0,0,3
CS(=O)(=O)c1ccc2[nH]cc(-c3cccc(C#N)c3)c2c1,2.180154963,3.11008,0.789275284,21,296.0619486,1,3,0,TRUE,0,0,0,0,1,0.333333333,2,0.666666667,0,0,0,0,0,0,0,0,0,0,3
O=C(Nc1ccc([N+](=O)[O-])cc1)C1CCc2ccccc2C1,2.311929725,3.3384,0.697117145,22,296.1160924,1,3,0,TRUE,0,0,0,0,0,0,3,1,0,0,0,0,0,0,0,0,0,0,3
N#Cc1cc(-c2cccc(C(N)=O)c2)cc(-c2cccs2)c1,2.153556324,4.05268,0.792768339,22,304.067034,1,3,0,TRUE,0,0,0,0,1,0.333333333,2,0.666666667,0,0,0,0,0,0,0,0,0,0,3
CCCc1ccc2[nH]c(=O)c3cc(C#N)ccc3c(=O)c2c1,2.253895069,2.86568,0.788288913,22,290.1055277,1,3,0,TRUE,0,0,0,0,0,0,2,0.666666667,1,0.333333333,0,0,0,0,0,0,0,0,3
O=C1Nc2ccc(-c3cccc([N+](=O)[O-])c3)cc2C1(F)F,2.419191896,3.3057,0.680920646,21,290.0502986,1,3,0,TRUE,0,0,0,0,1,0.333333333,2,0.666666667,0,0,0,0,0,0,0,0,0,0,3
N#Cc1ccc(-c2ccc(N)cc2)cc1C(=O)C(F)(F)F,2.307203944,3.55248,0.679017806,21,290.0666976,1,3,0,TRUE,0,0,0,0,0,0,2,1,0,0,0,0,0,0,0,0,0,0,2
Cc1cc(-c2cc(-c3cccc(C#N)c3)cc(=O)[nH]2)ccn1,2.445417863,3.284,0.785946829,22,287.105862,1,3,0,TRUE,0,0,0,0,0,0,3,1,0,0,0,0,0,0,0,0,0,0,3
COC(=O)c1ccc(-c2cc3cc(C#N)ccc3[nH]2)c(F)c1,2.225992836,3.63228,0.733826853,22,294.0804558,1,3,0,TRUE,0,0,0,0,1,0.333333333,2,0.666666667,0,0,0,0,0,0,0,0,0,0,3
[C-]#[N+]c1oc2ccccc2c1-c1ccc(S(N)(=O)=O)cc1,2.547660048,3.29799,0.737266797,21,298.0412132,1,3,0,TRUE,0,0,0,0,1,0.333333333,2,0.666666667,0,0,0,0,0,0,0,0,0,0,3
N#Cc1c(-c2ccc(N)cc2)cccc1N1CCCCC1=O,2.204947533,3.32438,0.862742694,22,291.1371622,1,3,0,TRUE,0,0,0,0,0,0,3,1,0,0,0,0,0,0,0,0,0,0,3
N#Cc1cccc(-c2ncc(-c3ccccc3)cc2C(N)=O)c1,2.05280271,3.38618,0.804654088,23,299.105862,1,3,0,TRUE,0,0,0,0,0,0,3,1,0,0,0,0,0,0,0,0,0,0,3
Cc1cc(C#N)c2sccc2c1-c1ccc(C(N)=O)cc1,2.412969826,3.8473,0.779242753,21,292.067034,1,3,0,TRUE,0,0,0,0,1,0.333333333,2,0.666666667,0,0,0,0,0,0,0,0,0,0,3
N#Cc1ccc(NC(=O)c2cncc(-c3ccccc3)c2)cc1,1.794106708,3.87258,0.797954155,23,299.105862,1,3,0,TRUE,0,0,0,0,0,0,3,1,0,0,0,0,0,0,0,0,0,0,3
N#Cc1ccc(-c2nc(-c3ccccc3)ccc2C(N)=O)cc1,1.942316696,3.38618,0.804654088,23,299.105862,1,3,0,TRUE,0,0,0,0,0,0,3,1,0,0,0,0,0,0,0,0,0,0,3
Cc1cccc(-c2cc(-c3ccc(C#N)nc3)cc(=O)[nH]2)c1,2.458367313,3.284,0.785946829,22,287.105862,1,3,0,TRUE,0,0,0,0,0,0,3,1,0,0,0,0,0,0,0,0,0,0,3
N#Cc1ccc(-c2ccc(C(=O)C(F)(F)F)cc2)cc1O,2.228640382,3.67588,0.85854244,21,291.0507132,1,3,0,TRUE,0,0,0,0,0,0,2,1,0,0,0,0,0,0,0,0,0,0,2
N#CCCCC1c2ccccc2NC(=O)c2ccc(C#N)cc21,3.03180718,3.94976,0.871910122,23,301.1215121,1,3,0,TRUE,0,0,0,0,0,0,2,0.666666667,1,0.333333333,0,0,0,0,0,0,0,0,3
N#Cc1ccc(C(=O)Nc2cccc(-c3ccncc3)c2)cc1,1.780146891,3.87258,0.797954155,23,299.105862,1,3,0,TRUE,0,0,0,0,0,0,3,1,0,0,0,0,0,0,0,0,0,0,3
N#Cc1ccc(Oc2c(C(N)=O)ccc3ccccc23)cc1,1.984439841,3.60268,0.799531051,22,288.0898776,1,3,0,TRUE,0,0,0,0,0,0,3,1,0,0,0,0,0,0,0,0,0,0,3
N#Cc1cc(Oc2ccc(C(=N)[O-])cc2)cc(C(F)(F)F)c1,2.650502588,3.05505,0.698784773,22,305.0543357,1,4,0,TRUE,0,0,0,0,0,0,2,1,0,0,0,0,0,0,0,0,0,0,2
O=C(Nc1ccc([N+](=O)[O-])cc1)c1ccc(C(F)(F)F)cc1,1.695321049,3.8659,0.690725646,22,310.0565268,1,3,0,TRUE,0,0,0,0,0,0,2,1,0,0,0,0,0,0,0,0,0,0,2
NC(=O)c1cccc(-c2ccnc(-c3ccc(Cl)cc3)n2)c1,1.876622258,3.5629,0.803899408,22,309.0668897,1,3,0,TRUE,0,0,0,0,0,0,3,1,0,0,0,0,0,0,0,0,0,0,3
O=C(Nc1ccc(-c2ccc(Cl)cc2)cc1)c1ccon1,1.881902385,4.2473,0.786274354,21,298.0509053,1,3,0,TRUE,0,0,0,0,1,0.333333333,2,0.666666667,0,0,0,0,0,0,0,0,0,0,3
Nc1ccc(S(=O)([O-])(F)F)c(-c2cccc(Cl)c2)c1,3.421664328,3.6676,0.679762838,19,304.0016072,1,3,0,TRUE,0,0,0,0,0,0,2,1,0,0,0,0,0,0,0,0,0,0,2
COc1ccc(-c2cc3[nH]c(=O)ccc3cc2C#N)cc1,2.136892851,3.07538,0.781828341,21,276.0898776,1,3,0,TRUE,0,0,0,0,0,0,3,1,0,0,0,0,0,0,0,0,0,0,3
N#Cc1cccc(-c2ccnc(NC(=O)c3ccccc3)c2)c1,1.859016237,3.87258,0.797954155,23,299.105862,1,3,0,TRUE,0,0,0,0,0,0,3,1,0,0,0,0,0,0,0,0,0,0,3
CC(C)(C)C(=O)Nc1ccc(-c2ccc([N+](=O)[O-])cc2)cc1,1.786041049,4.2464,0.679870242,22,298.1317424,1,3,0,TRUE,0,0,0,0,0,0,2,1,0,0,0,0,0,0,0,0,0,0,2
N#Cc1ccc(-c2ccc(N)cc2)cc1C(=O)N1CCCCC1,2.044090123,3.43358,0.864054613,23,305.1528122,1,3,0,TRUE,0,0,0,0,0,0,3,1,0,0,0,0,0,0,0,0,0,0,3
C=CS(=O)(=O)c1c(Cl)cccc1-c1ccc(N)cc1,2.363736517,3.5064,0.881068221,19,293.0277273,1,3,0,TRUE,0,0,0,0,0,0,2,1,0,0,0,0,0,0,0,0,0,0,2
Cc1ccc2[nH]nc(-c3cc(Cl)cc([N+](=O)[O-])c3)c2c1,2.279432004,4.09992,0.569505997,20,287.0461542,1,3,0,TRUE,0,0,0,0,1,0.333333333,2,0.666666667,0,0,0,0,0,0,0,0,0,0,3
NC(=O)c1ccc(-c2cc(-c3ccc(Cl)cc3)no2)cc1,1.860546697,3.7609,0.800101526,21,298.0509053,1,3,0,TRUE,0,0,0,0,1,0.333333333,2,0.666666667,0,0,0,0,0,0,0,0,0,0,3
Cc1ccc(NC(=O)c2cc(C#N)cc3ncccc23)cc1,1.884466214,3.6672,0.78171255,22,287.105862,1,3,0,TRUE,0,0,0,0,0,0,3,1,0,0,0,0,0,0,0,0,0,0,3
N#Cc1cnc(-c2ccccc2)cc1NC(=O)c1ccccc1,1.882095915,3.87258,0.797954155,23,299.105862,1,3,0,TRUE,0,0,0,0,0,0,3,1,0,0,0,0,0,0,0,0,0,0,3
CC(C)(C)S(=O)(=O)c1cccc(-c2ccc(N)cc2)c1,2.030144001,3.508,0.86061381,20,289.1136498,1,3,0,TRUE,0,0,0,0,0,0,2,1,0,0,0,0,0,0,0,0,0,0,2
O=C(Nc1ccc(-c2ccc(Cl)cc2)nc1)c1ccco1,1.83453038,4.2473,0.786274354,21,298.0509053,1,3,0,TRUE,0,0,0,0,1,0.333333333,2,0.666666667,0,0,0,0,0,0,0,0,0,0,3
N#Cc1cc(C(N)=O)ccc1-c1ccc(-c2cccs2)cc1,2.056409071,4.05268,0.792768339,22,304.067034,1,3,0,TRUE,0,0,0,0,1,0.333333333,2,0.666666667,0,0,0,0,0,0,0,0,0,0,3
O=C(Nc1ccc2ccccc2c(=O)c1)c1cccc([N+](=O)[O-])c1,1.91462941,3.3605,0.591662587,24,320.0797069,1,4,0,TRUE,0,0,0,0,0,0,2,0.666666667,1,0.333333333,0,0,0,0,0,0,0,0,3
N#Cc1ccncc1-c1ccc(NC(=O)c2ccccc2)cc1,1.867666983,3.87258,0.797954155,23,299.105862,1,3,0,TRUE,0,0,0,0,0,0,3,1,0,0,0,0,0,0,0,0,0,0,3
CS(=O)(=O)Nc1ccc2c(c1)CCc1ccc(C#N)cc1-2,2.236363308,2.69538,0.926360737,21,298.0775987,1,3,0,TRUE,0,0,0,0,0,0,3,1,0,0,0,0,0,0,0,0,0,0,3
Cc1cc2c(-c3cccc(C(N)=O)c3)cc(C#N)cc2s1,2.328623281,3.8473,0.779242753,21,292.067034,1,3,0,TRUE,0,0,0,0,1,0.333333333,2,0.666666667,0,0,0,0,0,0,0,0,0,0,3
N#Cc1ccc(C(=O)Nc2ccc(-c3ccncc3)cc2)cc1,1.730705789,3.87258,0.797954155,23,299.105862,1,3,0,TRUE,0,0,0,0,0,0,3,1,0,0,0,0,0,0,0,0,0,0,3
O=C(Nc1ccc2c(c1)CCCC2)c1cccc([N+](=O)[O-])c1,1.835809071,3.7259,0.692608177,22,296.1160924,1,3,0,TRUE,0,0,0,0,0,0,3,1,0,0,0,0,0,0,0,0,0,0,3
CC(=O)Nc1ccc(-c2ccnc3ccc(C#N)cc23)cc1,1.961303577,3.73188,0.78057225,22,287.105862,1,3,0,TRUE,0,0,0,0,0,0,3,1,0,0,0,0,0,0,0,0,0,0,3
NC(=O)c1ccc(F)c(-c2cc(C3CCCCC3)on2)c1,2.32959439,3.6273,0.937237434,21,288.127406,1,3,0,TRUE,0,0,0,0,1,0.333333333,2,0.666666667,0,0,0,0,0,0,0,0,0,0,3
N#Cc1cccc(NC(=O)c2ccc(-c3ccccc3)cn2)c1,1.817405445,3.87258,0.797954155,23,299.105862,1,3,0,TRUE,0,0,0,0,0,0,3,1,0,0,0,0,0,0,0,0,0,0,3
Cc1cc2c(-c3ccc(Cl)nc3)cc(C(N)=O)cc2o1,2.361257828,3.55552,0.732407787,20,286.0509053,1,3,0,TRUE,0,0,0,0,1,0.333333333,2,0.666666667,0,0,0,0,0,0,0,0,0,0,3
N#Cc1cncc(-c2ccc(NC(=O)c3ccccc3)cc2)c1,1.797783171,3.87258,0.797954155,23,299.105862,1,3,0,TRUE,0,0,0,0,0,0,3,1,0,0,0,0,0,0,0,0,0,0,3
CS(=O)(=O)Nc1cccc(-c2cc3ccccc3o2)c1,1.921106079,3.4713,0.802050409,20,287.0616143,1,3,0,TRUE,0,0,0,0,1,0.333333333,2,0.666666667,0,0,0,0,0,0,0,0,0,0,3
Cc1ncccc1-c1cc(-c2cccc(C#N)c2)cc(=O)[nH]1,2.455866214,3.284,0.785946829,22,287.105862,1,3,0,TRUE,0,0,0,0,0,0,3,1,0,0,0,0,0,0,0,0,0,0,3
N#Cc1ccc2cccc(-c3cccc(OC(N)=O)c3)c2c1,2.077747533,3.83598,0.778018036,22,288.0898776,1,3,0,TRUE,0,0,0,0,0,0,3,1,0,0,0,0,0,0,0,0,0,0,3
O=c1cc(-c2cccc(Cl)c2)c2ccc([N+](=O)[O-])cc2[nH]1,2.108652486,3.7567,0.578083759,21,300.0301698,1,3,0,TRUE,0,0,0,0,0,0,3,1,0,0,0,0,0,0,0,0,0,0,3
N#Cc1ccc(-c2cc(N)nc(-c3ccc(F)cc3)c2)cc1,2.003178302,4.00858,0.774958693,22,289.1015256,1,3,0,TRUE,0,0,0,0,0,0,3,1,0,0,0,0,0,0,0,0,0,0,3
CC(=O)Nc1cccc(Oc2c(Cl)cccc2C#N)c1,2.010799312,3.96238,0.928623426,20,286.0509053,1,3,0,TRUE,0,0,0,0,0,0,2,1,0,0,0,0,0,0,0,0,0,0,2
CC(=O)Nc1ccc2c(C#N)cc(-c3cccnc3)cc2c1,2.14927061,3.73188,0.78057225,22,287.105862,1,3,0,TRUE,0,0,0,0,0,0,3,1,0,0,0,0,0,0,0,0,0,0,3
Nc1ccc(-c2cccc(S(=O)(=O)c3ccccc3)c2)cc1,1.74027061,3.7686,0.749202244,22,309.0823497,1,3,0,TRUE,0,0,0,0,0,0,3,1,0,0,0,0,0,0,0,0,0,0,3
O=C(Nc1ccc2cc([N+](=O)[O-])ccc2c1)c1ccccc1,1.644158522,4.0003,0.585462355,22,292.0847922,1,3,0,TRUE,0,0,0,0,0,0,3,1,0,0,0,0,0,0,0,0,0,0,3
NC1CCCc2ccc(-c3ccc([N+](=O)[O-])c(F)c3)cc21,2.721480199,3.737,0.675075284,21,286.1117559,1,3,0,TRUE,0,0,0,0,0,0,3,1,0,0,0,0,0,0,0,0,0,0,3
CC(=O)c1ccc(-c2c[nH]c(=O)c3cccc(C#N)c23)cc1,2.263426583,3.26938,0.735351386,22,288.0898776,1,3,0,TRUE,0,0,0,0,0,0,3,1,0,0,0,0,0,0,0,0,0,0,3
N#CCc1ccc(-c2cnc3cc(N)ccc3c2)cc1Cl,2.328126697,4.20348,0.720125908,21,293.0719751,1,3,0,TRUE,0,0,0,0,0,0,3,1,0,0,0,0,0,0,0,0,0,0,3
N#Cc1ccc(-c2cc(C(N)=O)ccc2-c2ccccc2)cc1,1.795268444,3.99118,0.794033821,23,298.1106131,1,2,0,TRUE,0,0,0,0,0,0,3,1,0,0,0,0,0,0,0,0,0,0,3
N#Cc1ccc(-c2ccc(NC(=O)c3ccccc3)cc2)nc1,1.733096834,3.87258,0.797954155,23,299.105862,1,3,0,TRUE,0,0,0,0,0,0,3,1,0,0,0,0,0,0,0,0,0,0,3
NC(=O)c1cc(-c2cccc(-c3ccc(Cl)cc3)c2)on1,1.957899005,3.7609,0.800101526,21,298.0509053,1,3,0,TRUE,0,0,0,0,1,0.333333333,2,0.666666667,0,0,0,0,0,0,0,0,0,0,3
O=C(Nc1ccc([N+](=O)[O-])cc1)c1ccc2ccccc2c1,1.597809071,4.0003,0.585462355,22,292.0847922,1,3,0,TRUE,0,0,0,0,0,0,3,1,0,0,0,0,0,0,0,0,0,0,3
O=C(Nc1cc([N+](=O)[O-])c(Cl)cc1F)c1ccccc1,1.805993837,3.6396,0.693601389,20,294.020748,1,3,0,TRUE,0,0,0,0,0,0,2,1,0,0,0,0,0,0,0,0,0,0,2
Nc1ccc(-c2cccc(C(F)(F)F)c2)cc1[N+](=O)[O-],2.008795283,3.8628,0.516225246,20,282.0616122,1,3,0,TRUE,0,0,0,0,0,0,2,1,0,0,0,0,0,0,0,0,0,0,2
CC1CCC(=O)Nc2cccc(-c3ccccc3[N+](=O)[O-])c21,2.789606329,4.0976,0.669565608,22,296.1160924,1,3,0,TRUE,0,0,0,0,0,0,2,0.666666667,1,0.333333333,0,0,0,0,0,0,0,0,3
NC(=O)Oc1ccccc1-c1cc(C=O)c2ccccc2c1,2.132307973,3.7768,0.746537462,22,291.0895433,1,3,0,TRUE,0,0,0,0,0,0,3,1,0,0,0,0,0,0,0,0,0,0,3
N#Cc1cccc(NC(=O)c2ccnc(-c3ccccc3)c2)c1,1.806152861,3.87258,0.797954155,23,299.105862,1,3,0,TRUE,0,0,0,0,0,0,3,1,0,0,0,0,0,0,0,0,0,0,3
NC(=O)c1ccc(-c2cccc(-c3ccoc3)c2Cl)cc1,2.151735928,4.3659,0.780329612,21,297.0556563,1,2,0,TRUE,0,0,0,0,1,0.333333333,2,0.666666667,0,0,0,0,0,0,0,0,0,0,3
CC(=O)Nc1ccc(-c2cc3ccccc3cn2)c(C#N)c1,2.118707973,3.73188,0.78057225,22,287.105862,1,3,0,TRUE,0,0,0,0,0,0,3,1,0,0,0,0,0,0,0,0,0,0,3
N#Cc1cccc(-c2cc(-c3ccccc3)cc(=O)[nH]2)c1,2.125447151,3.58058,0.774787999,21,272.094963,1,2,0,TRUE,0,0,0,0,0,0,3,1,0,0,0,0,0,0,0,0,0,0,3
N#Cc1cccc(C(=O)Nc2ccc(-c3ccccn3)cc2)c1,1.758447695,3.87258,0.797954155,23,299.105862,1,3,0,TRUE,0,0,0,0,0,0,3,1,0,0,0,0,0,0,0,0,0,0,3
N#Cc1ccc(-c2ccc(NC(=O)C3CC3)nc2)cc1Cl,2.089047271,3.62218,0.940618457,21,297.0668897,1,3,0,TRUE,1,0.333333333,0,0,0,0,2,0.666666667,0,0,0,0,0,0,0,0,0,0,3
CC(=O)Nc1cc(C#N)c2cnc(-c3ccccc3)cc2c1,2.186503577,3.73188,0.78057225,22,287.105862,1,3,0,TRUE,0,0,0,0,0,0,3,1,0,0,0,0,0,0,0,0,0,0,3
N#Cc1c(-c2ccccc2)ccc(C(=O)C(F)(F)F)c1N,2.320275199,3.55248,0.679017806,21,290.0666976,1,3,0,TRUE,0,0,0,0,0,0,2,1,0,0,0,0,0,0,0,0,0,0,2
O=C(Nc1cccc(C(F)(F)F)c1)c1ccccc1[N+](=O)[O-],1.799984126,3.8659,0.690725646,22,310.0565268,1,3,0,TRUE,0,0,0,0,0,0,2,1,0,0,0,0,0,0,0,0,0,0,2
N#Cc1cccc(-c2cc(C(=O)Nc3ccccc3)ccn2)c1,1.823904871,3.87258,0.797954155,23,299.105862,1,3,0,TRUE,0,0,0,0,0,0,3,1,0,0,0,0,0,0,0,0,0,0,3
O=CNc1cc(-c2ccc([N+](=O)[O-])c(F)c2)ccc1C1CC1,2.429777834,3.8466,0.517666447,22,300.0910205,1,3,0,TRUE,1,0.333333333,0,0,0,0,2,0.666666667,0,0,0,0,0,0,0,0,0,0,3
N#Cc1ccc(C(=O)Nc2cccc(-c3ccccc3)c2)o1,1.99422504,4.07058,0.789588987,22,288.0898776,1,3,0,TRUE,0,0,0,0,1,0.333333333,2,0.666666667,0,0,0,0,0,0,0,0,0,0,3
NC(=O)c1cc(-c2ccc(Cl)nc2)cc(-c2ccoc2)c1,2.382135928,3.7609,0.748463262,21,298.0509053,1,3,0,TRUE,0,0,0,0,1,0.333333333,2,0.666666667,0,0,0,0,0,0,0,0,0,0,3
N#Cc1ccc(C(=O)Nc2ccc(-c3ccccc3)cn2)cc1,1.764044021,3.87258,0.797954155,23,299.105862,1,3,0,TRUE,0,0,0,0,0,0,3,1,0,0,0,0,0,0,0,0,0,0,3
N#Cc1ccc(-c2ccnc(-c3ccc(C(N)=O)cc3)c2)cc1,1.911039074,3.38618,0.804654088,23,299.105862,1,3,0,TRUE,0,0,0,0,0,0,3,1,0,0,0,0,0,0,0,0,0,0,3
O=C(Nc1ccc2c(c1)CCCC2)c1ccccc1[N+](=O)[O-],1.862187093,3.7259,0.692608177,22,296.1160924,1,3,0,TRUE,0,0,0,0,0,0,3,1,0,0,0,0,0,0,0,0,0,0,3
Nc1cc(-c2ccc([N+](=O)[O-])cc2)cc(C(F)(F)F)c1,2.048044001,3.8628,0.516225246,20,282.0616122,1,3,0,TRUE,0,0,0,0,0,0,2,1,0,0,0,0,0,0,0,0,0,0,2
CC(=O)c1cccc(-c2cc(=O)[nH]c3ccc(C#N)cc23)c1,2.176374474,3.26938,0.735351386,22,288.0898776,1,3,0,TRUE,0,0,0,0,0,0,3,1,0,0,0,0,0,0,0,0,0,0,3
N#Cc1cnccc1-c1cccc(NC(=O)c2ccccc2)c1,1.874575594,3.87258,0.797954155,23,299.105862,1,3,0,TRUE,0,0,0,0,0,0,3,1,0,0,0,0,0,0,0,0,0,0,3
N#Cc1cc(-c2cccc(NC(=O)c3ccccc3)c2)ccn1,1.864538166,3.87258,0.797954155,23,299.105862,1,3,0,TRUE,0,0,0,0,0,0,3,1,0,0,0,0,0,0,0,0,0,0,3
Cc1oc2ccccc2c1-c1cc(Cl)ccc1OC(N)=O,2.246111939,4.51912,0.756514469,21,301.0505709,1,3,0,TRUE,0,0,0,0,1,0.333333333,2,0.666666667,0,0,0,0,0,0,0,0,0,0,3
Cc1ccc(-c2noc3c(C(N)=O)cccc23)cc1Cl,2.23179629,3.55552,0.782938345,20,286.0509053,1,3,0,TRUE,0,0,0,0,1,0.333333333,2,0.666666667,0,0,0,0,0,0,0,0,0,0,3
Cc1nc2c(C(N)=O)cccc2nc1-c1cccc(Cl)c1,2.09757791,3.35752,0.788307318,21,297.0668897,1,3,0,TRUE,0,0,0,0,0,0,3,1,0,0,0,0,0,0,0,0,0,0,3
N#Cc1cccc(C(=O)Nc2ccc(-c3cccnc3)cc2)c1,1.772953091,3.87258,0.797954155,23,299.105862,1,3,0,TRUE,0,0,0,0,0,0,3,1,0,0,0,0,0,0,0,0,0,0,3
N#Cc1cc(NC(=O)c2ccccc2)cc(-c2cccnc2)c1,1.87909316,3.87258,0.797954155,23,299.105862,1,3,0,TRUE,0,0,0,0,0,0,3,1,0,0,0,0,0,0,0,0,0,0,3
N#Cc1ccc(C(=O)Nc2cc(-c3ccccc3)ccn2)cc1,1.802567328,3.87258,0.797954155,23,299.105862,1,3,0,TRUE,0,0,0,0,0,0,3,1,0,0,0,0,0,0,0,0,0,0,3
N#Cc1cccc(C(=O)Nc2ccc(-c3ccccc3)nc2)c1,1.787179497,3.87258,0.797954155,23,299.105862,1,3,0,TRUE,0,0,0,0,0,0,3,1,0,0,0,0,0,0,0,0,0,0,3
O=C(NC1CCCCCCCC1)c1ccc([N+](=O)[O-])cc1,2.159651307,3.8276,0.678929144,21,290.1630426,1,3,0,TRUE,0,0,0,0,0,0,1,0.5,0,0,0,0,1,0.5,0,0,0,0,2
N#Cc1cccc(C(=O)Nc2cccc(-c3ccccn3)c2)c1,1.811149876,3.87258,0.797954155,23,299.105862,1,3,0,TRUE,0,0,0,0,0,0,3,1,0,0,0,0,0,0,0,0,0,0,3
O=C(Nc1cccc2cc([N+](=O)[O-])ccc12)c1ccccc1,1.671411269,4.0003,0.585462355,22,292.0847922,1,3,0,TRUE,0,0,0,0,0,0,3,1,0,0,0,0,0,0,0,0,0,0,3
Cc1c(-c2cccc(C(=O)O)c2)cc(C#N)c(F)c1Cl,2.365205539,4.0244,0.907867887,20,289.0305844,1,2,0,TRUE,0,0,0,0,0,0,2,1,0,0,0,0,0,0,0,0,0,0,2
Cc1cncc2cc(NC(=O)c3ccc(C#N)cc3)ccc12,2.041217863,3.6672,0.78171255,22,287.105862,1,3,0,TRUE,0,0,0,0,0,0,3,1,0,0,0,0,0,0,0,0,0,0,3
C#Cc1ccc(NC(=O)c2ccc(Cl)cc2)cc1[N+](=O)[O-],2.078447599,3.4818,0.535613998,21,300.0301698,1,3,0,TRUE,0,0,0,0,0,0,2,1,0,0,0,0,0,0,0,0,0,0,2
N#Cc1cncc(-c2ccc(NC(=O)C3CCCC3)cc2)c1,1.986553405,3.74898,0.93618709,22,291.1371622,1,3,0,TRUE,0,0,0,0,1,0.333333333,2,0.666666667,0,0,0,0,0,0,0,0,0,0,3
N#Cc1cccc(-c2ccc(NC(=O)c3ccccc3)nc2)c1,1.82049293,3.87258,0.797954155,23,299.105862,1,3,0,TRUE,0,0,0,0,0,0,3,1,0,0,0,0,0,0,0,0,0,0,3
N#Cc1cccc(-c2cccc(NS(=O)(=O)c3ccco3)c2)c1,2.239314598,3.61908,0.79424541,23,324.0568632,1,4,0,TRUE,0,0,0,0,1,0.333333333,2,0.666666667,0,0,0,0,0,0,0,0,0,0,3
N#Cc1cccc(-c2cccc(NC(=O)c3ccccn3)c2)c1,1.854190749,3.87258,0.797954155,23,299.105862,1,3,0,TRUE,0,0,0,0,0,0,3,1,0,0,0,0,0,0,0,0,0,0,3
N#Cc1cc(-c2ccc(NC(=O)C3CCCC3)cc2)ccn1,2.004678886,3.74898,0.93618709,22,291.1371622,1,3,0,TRUE,0,0,0,0,1,0.333333333,2,0.666666667,0,0,0,0,0,0,0,0,0,0,3
N#Cc1ccc(-c2ccnc(NC(=O)c3ccccc3)c2)cc1,1.811784319,3.87258,0.797954155,23,299.105862,1,3,0,TRUE,0,0,0,0,0,0,3,1,0,0,0,0,0,0,0,0,0,0,3
N#Cc1ccc(C(=O)Nc2ccc(-c3ccccc3)o2)cc1,2.042282011,4.07058,0.789588987,22,288.0898776,1,3,0,TRUE,0,0,0,0,1,0.333333333,2,0.666666667,0,0,0,0,0,0,0,0,0,0,3
N#Cc1ccc(-c2cncc(NC(=O)c3ccccc3)c2)cc1,1.816401082,3.87258,0.797954155,23,299.105862,1,3,0,TRUE,0,0,0,0,0,0,3,1,0,0,0,0,0,0,0,0,0,0,3
Cc1[nH]c2cc(Cl)ccc2c1Oc1ccc(C#N)cc1,2.184336038,4.7937,0.734167697,20,282.0559907,1,2,0,TRUE,0,0,0,0,1,0.333333333,2,0.666666667,0,0,0,0,0,0,0,0,0,0,3
NC(=O)c1cccc(-c2cc(-c3ccccc3Cl)on2)c1,1.973411313,3.7609,0.800101526,21,298.0509053,1,3,0,TRUE,0,0,0,0,1,0.333333333,2,0.666666667,0,0,0,0,0,0,0,0,0,0,3
Nc1c(F)cc(-c2cccc([N+](=O)[O-])c2F)cc1Cl,2.429212744,3.7756,0.518220495,19,284.0164116,1,3,0,TRUE,0,0,0,0,0,0,2,1,0,0,0,0,0,0,0,0,0,0,2
N#Cc1ccccc1-c1cc(C(=O)Nc2ccccc2)ccn1,1.851764572,3.87258,0.797954155,23,299.105862,1,3,0,TRUE,0,0,0,0,0,0,3,1,0,0,0,0,0,0,0,0,0,0,3
N#Cc1cc(-c2ccc(C(=O)Nc3ccccc3)cc2)ccn1,1.814634147,3.87258,0.797954155,23,299.105862,1,3,0,TRUE,0,0,0,0,0,0,3,1,0,0,0,0,0,0,0,0,0,0,3
Cc1c(C(=O)Nc2ccc(F)cc2)oc2ccc(C#N)cc12,2.004001025,4.0043,0.77634722,22,294.0804558,1,3,0,TRUE,0,0,0,0,1,0.333333333,2,0.666666667,0,0,0,0,0,0,0,0,0,0,3
O=C(Nc1cccc([N+](=O)[O-])c1)c1ccc2ccccc2c1,1.644384896,4.0003,0.585462355,22,292.0847922,1,3,0,TRUE,0,0,0,0,0,0,3,1,0,0,0,0,0,0,0,0,0,0,3
N#Cc1ccc(-c2ccc(-c3ccccc3)cc2)cc(=O)c1N,2.053597815,3.83468,0.781398242,23,298.1106131,1,3,0,TRUE,0,0,0,0,0,0,2,0.666666667,1,0.333333333,0,0,0,0,0,0,0,0,3
N#Cc1ccc(-c2ccc(NC(=O)c3ccccc3)cn2)cc1,1.747579497,3.87258,0.797954155,23,299.105862,1,3,0,TRUE,0,0,0,0,0,0,3,1,0,0,0,0,0,0,0,0,0,0,3
CC(C)(C)S(=O)(=O)c1ccc(-c2cccc(N)c2)cc1,2.005913231,3.508,0.86061381,20,289.1136498,1,3,0,TRUE,0,0,0,0,0,0,2,1,0,0,0,0,0,0,0,0,0,0,2
CC(=O)Nc1cccc2nc(-c3ccc(C#N)cc3)ccc12,1.897661819,3.73188,0.78057225,22,287.105862,1,3,0,TRUE,0,0,0,0,0,0,3,1,0,0,0,0,0,0,0,0,0,0,3
N#Cc1ccc(-c2nc(Cl)ccc2NC(=O)C2CC2)cc1,2.148459005,3.62218,0.879911281,21,297.0668897,1,3,0,TRUE,1,0.333333333,0,0,0,0,2,0.666666667,0,0,0,0,0,0,0,0,0,0,3
O=S(=O)(Nc1ccco1)c1ccc(-c2ccccc2)cc1,1.963002259,3.7474,0.797885576,21,299.0616143,1,3,0,TRUE,0,0,0,0,1,0.333333333,2,0.666666667,0,0,0,0,0,0,0,0,0,0,3
N#Cc1cc(F)ccc1-c1cccc(-c2ccc(N)nc2)c1,2.124921159,4.00858,0.774958693,22,289.1015256,1,3,0,TRUE,0,0,0,0,0,0,3,1,0,0,0,0,0,0,0,0,0,0,3
NC(=O)c1cccc(-c2cc(-c3ccc(Cl)cc3)on2)c1,1.921398236,3.7609,0.800101526,21,298.0509053,1,3,0,TRUE,0,0,0,0,1,0.333333333,2,0.666666667,0,0,0,0,0,0,0,0,0,0,3
CC(C)(C)C(=O)Nc1ccc(-c2cccc([N+](=O)[O-])c2)cc1,1.83339028,4.2464,0.679870242,22,298.1317424,1,3,0,TRUE,0,0,0,0,0,0,2,1,0,0,0,0,0,0,0,0,0,0,2
Cc1cncc(NC(=O)c2ccc(C#N)c3ccccc23)c1,2.094246434,3.6672,0.78171255,22,287.105862,1,3,0,TRUE,0,0,0,0,0,0,3,1,0,0,0,0,0,0,0,0,0,0,3
N#Cc1ccc(-c2cccc(NC(=O)c3ccncc3)c2)cc1,1.798543677,3.87258,0.797954155,23,299.105862,1,3,0,TRUE,0,0,0,0,0,0,3,1,0,0,0,0,0,0,0,0,0,0,3
N#Cc1ccc(-c2cc(NC(=O)c3ccccc3)ccn2)cc1,1.795173068,3.87258,0.797954155,23,299.105862,1,3,0,TRUE,0,0,0,0,0,0,3,1,0,0,0,0,0,0,0,0,0,0,3
N#Cc1ccc(NC(=O)c2ccccc2)cc1-c1ccncc1,1.85560843,3.87258,0.797954155,23,299.105862,1,3,0,TRUE,0,0,0,0,0,0,3,1,0,0,0,0,0,0,0,0,0,0,3
N#Cc1ccc(NC(=O)c2cc(-c3ccccc3)ccn2)cc1,1.800504871,3.87258,0.797954155,23,299.105862,1,3,0,TRUE,0,0,0,0,0,0,3,1,0,0,0,0,0,0,0,0,0,0,3
N#Cc1ccc(NC(=O)c2ccc(-c3ccccc3)cc2)nc1,1.760681679,3.87258,0.797954155,23,299.105862,1,3,0,TRUE,0,0,0,0,0,0,3,1,0,0,0,0,0,0,0,0,0,0,3
O=C(Nc1cccc(C(F)(F)F)c1)c1cccc([N+](=O)[O-])c1,1.772287203,3.8659,0.690725646,22,310.0565268,1,3,0,TRUE,0,0,0,0,0,0,2,1,0,0,0,0,0,0,0,0,0,0,2
N#Cc1cccc(NC(=O)c2cncc(-c3ccccc3)c2)c1,1.835601771,3.87258,0.797954155,23,299.105862,1,3,0,TRUE,0,0,0,0,0,0,3,1,0,0,0,0,0,0,0,0,0,0,3
N#Cc1ccc(-c2cc(C(=O)Nc3ccccc3)ccn2)cc1,1.773411874,3.87258,0.797954155,23,299.105862,1,3,0,TRUE,0,0,0,0,0,0,3,1,0,0,0,0,0,0,0,0,0,0,3
N#Cc1cccc(NC(=O)c2ccc(-c3ccncc3)cc2)c1,1.772200852,3.87258,0.797954155,23,299.105862,1,3,0,TRUE,0,0,0,0,0,0,3,1,0,0,0,0,0,0,0,0,0,0,3
CC(=O)Nc1cccc(-c2cncc3cc(C#N)ccc23)c1,2.128182698,3.73188,0.78057225,22,287.105862,1,3,0,TRUE,0,0,0,0,0,0,3,1,0,0,0,0,0,0,0,0,0,0,3
N#Cc1ccc(-c2ccc(NC(=O)c3ccccn3)cc2)cc1,1.757517729,3.87258,0.797954155,23,299.105862,1,3,0,TRUE,0,0,0,0,0,0,3,1,0,0,0,0,0,0,0,0,0,0,3
O=C(Nc1ccc2ccc([N+](=O)[O-])cc2c1)c1ccccc1,1.674176104,4.0003,0.585462355,22,292.0847922,1,3,0,TRUE,0,0,0,0,0,0,3,1,0,0,0,0,0,0,0,0,0,0,3
Cc1cc(NC(=O)c2cccc3ccc(C#N)cc23)ccn1,2.066296984,3.6672,0.78171255,22,287.105862,1,3,0,TRUE,0,0,0,0,0,0,3,1,0,0,0,0,0,0,0,0,0,0,3
CS(=O)(=O)c1ccc2[nH]nc(-c3ccc(Cl)cc3)c2c1,2.019040246,3.2868,0.78995578,20,306.0229763,1,3,0,TRUE,0,0,0,0,1,0.333333333,2,0.666666667,0,0,0,0,0,0,0,0,0,0,3
N#Cc1cccc(-c2c(C#N)cncc2Cc2ccccc2)c1,2.290425192,4.08276,0.731031938,23,295.1109474,0,3,0,TRUE,0,0,0,0,0,0,3,1,0,0,0,0,0,0,0,0,0,0,3
N#Cc1ccc(-c2ccc(NC(=O)C3CCCC3)cc2)cn1,1.992033453,3.74898,0.93618709,22,291.1371622,1,3,0,TRUE,0,0,0,0,1,0.333333333,2,0.666666667,0,0,0,0,0,0,0,0,0,0,3
Cc1cccc(NC(=O)c2oc(Cl)c(Cl)c2C#N)c1,2.57451492,4.0188,0.909538162,19,293.9962829,1,3,0,TRUE,0,0,0,0,1,0.5,1,0.5,0,0,0,0,0,0,0,0,0,0,2
Cc1cccc(-c2cc(=O)[nH]c3cc([N+](=O)[O-])ccc23)c1F,2.323180608,3.55082,0.580330775,22,298.0753704,1,3,0,TRUE,0,0,0,0,0,0,3,1,0,0,0,0,0,0,0,0,0,0,3
N#Cc1cccc(-c2cc(NC(=O)c3ccccc3)ccn2)c1,1.845666065,3.87258,0.797954155,23,299.105862,1,3,0,TRUE,0,0,0,0,0,0,3,1,0,0,0,0,0,0,0,0,0,0,3
N#Cc1ccc(-c2cc(C(=O)Nc3ccccc3)co2)cc1,2.010524559,4.07058,0.789588987,22,288.0898776,1,3,0,TRUE,0,0,0,0,1,0.333333333,2,0.666666667,0,0,0,0,0,0,0,0,0,0,3
N#Cc1cc(C(=O)Nc2cccnc2)cc(-c2ccccc2)c1,1.900304641,3.87258,0.797954155,23,299.105862,1,3,0,TRUE,0,0,0,0,0,0,3,1,0,0,0,0,0,0,0,0,0,0,3
O=C(Nc1cccc([N+](=O)[O-])c1F)c1ccc(Cl)cc1,1.850543208,3.6396,0.693601389,20,294.020748,1,3,0,TRUE,0,0,0,0,0,0,2,1,0,0,0,0,0,0,0,0,0,0,2
N#Cc1cccc(-c2ccc(NC(=O)c3ccccc3)cc2)n1,1.809201082,3.87258,0.797954155,23,299.105862,1,3,0,TRUE,0,0,0,0,0,0,3,1,0,0,0,0,0,0,0,0,0,0,3
Nc1cc(-c2cccc(C(F)(F)F)c2)cc([N+](=O)[O-])c1,2.108992718,3.8628,0.516225246,20,282.0616122,1,3,0,TRUE,0,0,0,0,0,0,2,1,0,0,0,0,0,0,0,0,0,0,2
N#Cc1ccccc1C(=O)Nc1ccc(-c2ccncc2)cc1,1.831421059,3.87258,0.797954155,23,299.105862,1,3,0,TRUE,0,0,0,0,0,0,3,1,0,0,0,0,0,0,0,0,0,0,3
N#Cc1cccc(-c2cccc(NC(=O)c3ccncc3)c2)c1,1.845775594,3.87258,0.797954155,23,299.105862,1,3,0,TRUE,0,0,0,0,0,0,3,1,0,0,0,0,0,0,0,0,0,0,3
N#Cc1ccc(-c2ccc(NC(=O)c3ccccc3)cc2)cn1,1.803017844,3.87258,0.797954155,23,299.105862,1,3,0,TRUE,0,0,0,0,0,0,3,1,0,0,0,0,0,0,0,0,0,0,3
N#Cc1cccc(C(=O)Nc2ccc(-c3ccccc3)cn2)c1,1.812861013,3.87258,0.797954155,23,299.105862,1,3,0,TRUE,0,0,0,0,0,0,3,1,0,0,0,0,0,0,0,0,0,0,3
O=C(Nc1ccc2ccccc2c1)c1cccc([N+](=O)[O-])c1,1.637734346,4.0003,0.585462355,22,292.0847922,1,3,0,TRUE,0,0,0,0,0,0,3,1,0,0,0,0,0,0,0,0,0,0,3
N#Cc1ccc(-c2cccc(NC(=O)c3ccccc3)n2)cc1,1.792476168,3.87258,0.797954155,23,299.105862,1,3,0,TRUE,0,0,0,0,0,0,3,1,0,0,0,0,0,0,0,0,0,0,3
N#Cc1cc(Cl)c(Cl)cc1Oc1ccc(C(N)=O)cc1,2.026754397,3.75628,0.93768535,20,305.9962829,1,3,0,TRUE,0,0,0,0,0,0,2,1,0,0,0,0,0,0,0,0,0,0,2
O=C(Nc1ccc([N+](=O)[O-])c(Cl)c1F)c1ccccc1,1.923832159,3.6396,0.693601389,20,294.020748,1,3,0,TRUE,0,0,0,0,0,0,2,1,0,0,0,0,0,0,0,0,0,0,2
N#Cc1ccc(NC(=O)c2ccc(-c3ccccc3)o2)cc1,1.784380088,4.07058,0.789588987,22,288.0898776,1,3,0,TRUE,0,0,0,0,1,0.333333333,2,0.666666667,0,0,0,0,0,0,0,0,0,0,3
N#Cc1ccc(-c2ccc(NC(=O)c3ccccc3)nc2)cc1,1.773261013,3.87258,0.797954155,23,299.105862,1,3,0,TRUE,0,0,0,0,0,0,3,1,0,0,0,0,0,0,0,0,0,0,3
[N-]=[N+]=Nc1ccc2[nH]nc(CN3CCc4ccccc4C3)c2c1,2.779370995,4.063,0.449478749,23,304.1436445,1,3,0,TRUE,0,0,0,0,1,0.25,3,0.75,0,0,0,0,0,0,0,0,0,0,4
O=C(Nc1ccc(Cl)c(F)c1)c1ccc([N+](=O)[O-])cc1,1.678173697,3.6396,0.693601389,20,294.020748,1,3,0,TRUE,0,0,0,0,0,0,2,1,0,0,0,0,0,0,0,0,0,0,2
N#Cc1ccc(C(=O)Nc2cncc(-c3ccccc3)c2)cc1,1.80718409,3.87258,0.797954155,23,299.105862,1,3,0,TRUE,0,0,0,0,0,0,3,1,0,0,0,0,0,0,0,0,0,0,3
O=S(=O)(Nc1ccoc1)c1ccc(-c2ccccc2)cc1,2.012991414,3.7474,0.797885576,21,299.0616143,1,3,0,TRUE,0,0,0,0,1,0.333333333,2,0.666666667,0,0,0,0,0,0,0,0,0,0,3
N#Cc1cc(Cl)ccc1Oc1cccc(C(=O)NC2CC2)c1,1.953324102,3.89618,0.931058554,22,312.0665553,1,3,0,TRUE,1,0.333333333,0,0,0,0,2,0.666666667,0,0,0,0,0,0,0,0,0,0,3
N#Cc1ccc(-c2ccc(NC(=O)c3cccnc3)cc2)cc1,1.738391438,3.87258,0.797954155,23,299.105862,1,3,0,TRUE,0,0,0,0,0,0,3,1,0,0,0,0,0,0,0,0,0,0,3
O=C(Nc1ccc2ccccc2c1)c1ccccc1[N+](=O)[O-],1.664112368,4.0003,0.585462355,22,292.0847922,1,3,0,TRUE,0,0,0,0,0,0,3,1,0,0,0,0,0,0,0,0,0,0,3
N#Cc1ccc(C(=O)Nc2ccc(-c3ccccn3)cc2)cc1,1.709630703,3.87258,0.797954155,23,299.105862,1,3,0,TRUE,0,0,0,0,0,0,3,1,0,0,0,0,0,0,0,0,0,0,3
N#Cc1ccc(-c2cccc(NC(=O)c3cccnc3)c2)cc1,1.78783254,3.87258,0.797954155,23,299.105862,1,3,0,TRUE,0,0,0,0,0,0,3,1,0,0,0,0,0,0,0,0,0,0,3
N#Cc1cc(NC(=O)C2CC2)cc(-c2ccc(Cl)nc2)c1,2.171469435,3.62218,0.879911281,21,297.0668897,1,3,0,TRUE,1,0.333333333,0,0,0,0,2,0.666666667,0,0,0,0,0,0,0,0,0,0,3
N#Cc1ccc(Oc2cccc3ccccc23)c(C(N)=O)c1,1.938646434,3.60268,0.799531051,22,288.0898776,1,3,0,TRUE,0,0,0,0,0,0,3,1,0,0,0,0,0,0,0,0,0,0,3
O=C(Nc1ccc([N+](=O)[O-])cc1)c1ccccc1Cl,1.521728189,3.5005,0.688652302,19,276.0301698,1,3,0,TRUE,0,0,0,0,0,0,2,1,0,0,0,0,0,0,0,0,0,0,2
O=C(Nc1ccc([N+](=O)[O-])c(F)c1)c1ccc(Cl)cc1,1.705624327,3.6396,0.693601389,20,294.020748,1,3,0,TRUE,0,0,0,0,0,0,2,1,0,0,0,0,0,0,0,0,0,0,2
O=C(Nc1ccccc1Cl)c1cccc([N+](=O)[O-])c1,1.568042267,3.5005,0.688652302,19,276.0301698,1,3,0,TRUE,0,0,0,0,0,0,2,1,0,0,0,0,0,0,0,0,0,0,2
Cc1cc(C#N)ccc1NC(=O)c1ccc(Cl)c(F)n1,2.304588802,3.3065,0.86264033,20,289.0418178,1,3,0,TRUE,0,0,0,0,0,0,2,1,0,0,0,0,0,0,0,0,0,0,2
N#Cc1ccccc1C(=O)Nc1ccc(-c2ccccc2)cn1,1.864759291,3.87258,0.797954155,23,299.105862,1,3,0,TRUE,0,0,0,0,0,0,3,1,0,0,0,0,0,0,0,0,0,0,3
N#Cc1ccc(C(=O)Nc2ccc(-c3cccnc3)cc2)cc1,1.724136099,3.87258,0.797954155,23,299.105862,1,3,0,TRUE,0,0,0,0,0,0,3,1,0,0,0,0,0,0,0,0,0,0,3
N#Cc1ccc(C(=O)Nc2ccnc(-c3ccccc3)c2)cc1,1.785956076,3.87258,0.797954155,23,299.105862,1,3,0,TRUE,0,0,0,0,0,0,3,1,0,0,0,0,0,0,0,0,0,0,3
N#Cc1cccc(Oc2ccc(-c3cccc(=O)[nH]3)cc2)c1,2.095373357,3.70588,0.798632271,22,288.0898776,1,3,0,TRUE,0,0,0,0,0,0,3,1,0,0,0,0,0,0,0,0,0,0,3
NC(=O)c1cc(Cl)cc(Oc2ccccc2Cl)c1,1.824071118,3.8846,0.928138479,18,281.0010339,1,2,0,TRUE,0,0,0,0,0,0,2,1,0,0,0,0,0,0,0,0,0,0,2
N#Cc1ccccc1C(=O)Nc1ccc(-c2cccnc2)cc1,1.824851369,3.87258,0.797954155,23,299.105862,1,3,0,TRUE,0,0,0,0,0,0,3,1,0,0,0,0,0,0,0,0,0,0,3
N#Cc1ccc(C(=O)Nc2ccc(-c3ccccc3)nc2)cc1,1.738362505,3.87258,0.797954155,23,299.105862,1,3,0,TRUE,0,0,0,0,0,0,3,1,0,0,0,0,0,0,0,0,0,0,3
N#Cc1ccc(C(=O)Nc2cccc(-c3ccco3)c2)cc1,1.841432732,4.07058,0.789588987,22,288.0898776,1,3,0,TRUE,0,0,0,0,1,0.333333333,2,0.666666667,0,0,0,0,0,0,0,0,0,0,3
N#Cc1cc(Cl)ccc1-c1ccc(NC(=O)C2CC2)o1,2.490603158,3.82018,0.932493872,20,286.0509053,1,3,0,TRUE,1,0.333333333,0,0,1,0.333333333,1,0.333333333,0,0,0,0,0,0,0,0,0,0,3
Cc1ccc2c(c1)N(Cc1ccccc1[N+](=O)[O-])CC(=O)N2,2.259335268,2.86192,0.697907032,22,297.1113413,1,4,0,TRUE,0,0,0,0,0,0,3,1,0,0,0,0,0,0,0,0,0,0,3
NS(=O)(=O)c1ccc(-c2coc3ccc(F)cc23)cc1,2.01554162,2.8863,0.788618218,20,291.0365424,1,3,0,TRUE,0,0,0,0,1,0.333333333,2,0.666666667,0,0,0,0,0,0,0,0,0,0,3
O=C(Nc1cc(F)cc([N+](=O)[O-])c1)c1ccc(Cl)cc1,1.777216495,3.6396,0.693601389,20,294.020748,1,3,0,TRUE,0,0,0,0,0,0,2,1,0,0,0,0,0,0,0,0,0,0,2
O=C(Nc1ccc([N+](=O)[O-])cc1)c1ccc(F)c(Cl)c1,1.65550125,3.6396,0.693601389,20,294.020748,1,3,0,TRUE,0,0,0,0,0,0,2,1,0,0,0,0,0,0,0,0,0,0,2
N#Cc1ccccc1-c1ccc(NC(=O)c2ccccn2)cc1,1.808543906,3.87258,0.797954155,23,299.105862,1,3,0,TRUE,0,0,0,0,0,0,3,1,0,0,0,0,0,0,0,0,0,0,3
N#Cc1cccc(NC(=O)c2ccc(-c3ccccc3)o2)c1,1.827820232,4.07058,0.789588987,22,288.0898776,1,3,0,TRUE,0,0,0,0,1,0.333333333,2,0.666666667,0,0,0,0,0,0,0,0,0,0,3
N#Cc1cccc(C(=O)Nc2ccc(-c3ccncc3)cc2)c1,1.779522781,3.87258,0.797954155,23,299.105862,1,3,0,TRUE,0,0,0,0,0,0,3,1,0,0,0,0,0,0,0,0,0,0,3
O=C(Nc1cc([N+](=O)[O-])cc(Cl)c1F)c1ccccc1,1.878804467,3.6396,0.693601389,20,294.020748,1,3,0,TRUE,0,0,0,0,0,0,2,1,0,0,0,0,0,0,0,0,0,0,2
O=C(Nc1ccc2c(c1)CCCC2)c1ccc([N+](=O)[O-])cc1,1.794064017,3.7259,0.692608177,22,296.1160924,1,3,0,TRUE,0,0,0,0,0,0,3,1,0,0,0,0,0,0,0,0,0,0,3
N#Cc1cccc(Oc2cc(-c3ccccc3)cc(=O)[nH]2)c1,2.317677684,3.70588,0.798632271,22,288.0898776,1,3,0,TRUE,0,0,0,0,0,0,3,1,0,0,0,0,0,0,0,0,0,0,3
N#Cc1cccc(C(=O)Nc2ccc(-c3ccco3)cc2)c1,1.839098357,4.07058,0.789588987,22,288.0898776,1,3,0,TRUE,0,0,0,0,1,0.333333333,2,0.666666667,0,0,0,0,0,0,0,0,0,0,3
O=C(Nc1cccc(F)c1Cl)c1ccc([N+](=O)[O-])cc1,1.791296774,3.6396,0.693601389,20,294.020748,1,3,0,TRUE,0,0,0,0,0,0,2,1,0,0,0,0,0,0,0,0,0,0,2
O=C(Nc1cc(F)cc(Cl)c1)c1ccc([N+](=O)[O-])cc1,1.781010341,3.6396,0.693601389,20,294.020748,1,3,0,TRUE,0,0,0,0,0,0,2,1,0,0,0,0,0,0,0,0,0,0,2
O=C(Nc1ccc(Cl)cc1F)c1ccc([N+](=O)[O-])cc1,1.664627124,3.6396,0.693601389,20,294.020748,1,3,0,TRUE,0,0,0,0,0,0,2,1,0,0,0,0,0,0,0,0,0,0,2
N#Cc1ccccc1C(=O)Nc1ccc(-c2ccccc2)nc1,1.839077775,3.87258,0.797954155,23,299.105862,1,3,0,TRUE,0,0,0,0,0,0,3,1,0,0,0,0,0,0,0,0,0,0,3
N#Cc1ccc(S(=O)(=O)Nc2ccc3ccccc3c2)cc1,1.780121159,3.51228,0.80458426,22,308.0619486,1,3,0,TRUE,0,0,0,0,0,0,3,1,0,0,0,0,0,0,0,0,0,0,3
O=C(Nc1ccc(Cl)c(F)c1)c1cccc([N+](=O)[O-])c1,1.72599076,3.6396,0.693601389,20,294.020748,1,3,0,TRUE,0,0,0,0,0,0,2,1,0,0,0,0,0,0,0,0,0,0,2
O=C(Nc1c(Cl)cccc1[N+](=O)[O-])c1cccc(F)c1,1.861725865,3.6396,0.693601389,20,294.020748,1,3,0,TRUE,0,0,0,0,0,0,2,1,0,0,0,0,0,0,0,0,0,0,2
O=C(Nc1ccc([N+](=O)[O-])cc1)c1ccc(Cl)cc1F,1.694678313,3.6396,0.693601389,20,294.020748,1,3,0,TRUE,0,0,0,0,0,0,2,1,0,0,0,0,0,0,0,0,0,0,2
O=C(Nc1ccc(F)cc1Cl)c1ccc([N+](=O)[O-])cc1,1.665923628,3.6396,0.693601389,20,294.020748,1,3,0,TRUE,0,0,0,0,0,0,2,1,0,0,0,0,0,0,0,0,0,0,2
O=C(Nc1ccc(F)c(Cl)c1)c1ccc([N+](=O)[O-])cc1,1.646330061,3.6396,0.693601389,20,294.020748,1,3,0,TRUE,0,0,0,0,0,0,2,1,0,0,0,0,0,0,0,0,0,0,2
,2.193199011,3.759173843,0.748199275,21.88355167,294.1637908,0.988355167,2.908296943,0,,46,,8,,189,,1766,,56,0,3,,1,,0,0,0,0,2069
,,,,,,,,,,0.022232963,,0.003866602,,0.091348478,,0.853552441,,0.027066216,,0.001449976,,0.000483325,,,,,,
